FILE NAME;014_22306_050622_072135.CSV
HASHCODE;479DEACF42C85ED920EA4422E1286A23083ECC9E46A478EA0BE996F55A16961D
GYRO CAL;-0,000;0,884;0,013;-0,862
ACCEL LONG CAL;1,002;-0,057
ACCEL LAT CAL;1,012;0,040
ACCEL VERT CAL;1,003;-0,003
START OF MEASUREMENT;05/06/2022;07:21:35;GMT+00:00
END OF MEASUREMENT;05/06/2022;07:21:41;GMT+00:00
STANDARD CONFIG;LOGGER AND DISPLAY NON-STANDARD
ERROR DURING TEST;NOT LEVEL X;NOT LEVEL Y
UNIT SERIAL;22306
TOTAL TIME;    6280;[mS]
TIME GPS SPEED WENT OVER 2KPH;     190;[mS]
TIME GPS SPEED WENT UNDER 2KPH;        ;[mS]
PEAK GPS SPEED; 70,31;[kph]
TIME OF PEAK GPS SPEED;     190;[mS]
PEAK SPEED; 70,20;[kph]
TIME OF PEAK SPEED;       0;[mS]
TIME ACC WENT OVER 1m/s/s;      20;[mS]
PEAK ACC;  2,74;[m/s/s]
TIME OF PEAK ACC;    6220;[mS]
PEAK PITCH;   4,51;[deg]
TIME OF PEAK PITCH;    6290;[mS]
PEAK SLIP; 179,99;[deg]
TIME OF PEAK SLIP;    5200;[mS]
AVERAGE LONG ACCEL AT START; -1,15;[m/s/s]
AVERAGE LAT ACCEL AT START; -0,45;[m/s/s]
AVERAGE VERT ACCEL AT START;  9,67;[m/s/s]
AVERAGE PITCH RATE AT START;   0,17;[deg/s]
AVERAGE LONG ACCEL AT END; -1,84;[m/s/s]
AVERAGE LAT ACCEL AT END; -0,55;[m/s/s]
AVERAGE VERT ACCEL AT END;  9,70;[m/s/s]
AVERAGE PITCH RATE AT END;   0,11;[deg/s]


                                                                                                                                                                                                                                                                                                                                                                                                                                                                                                                                                                                                                                                                                                                                                                                                                                                                                                                                                                                                                                                                                                                                                                                                                                                                                                                                                                                                                                                                                                                                                                                                                                                                                                                                                                                                                                                                                                                                                                                                                                                                                                                                                                                                                                                                                                                                                                                                                                                                                                                                                                                                                                                                                                                                                                                                                                                                                                                                                     

TIME;POWER;LONG ACCEL;LAT ACCEL;VERT ACCEL;PITCH RATE;GPS SPEED;BRAKE LIGHT;PEDAL FORCE ;PULL FORCE ;GPS HEADING;GPS LONGITUDE;GPS LATITUDE;GPS X POSITION;GPS Y POSITION;GPS ALTITUDE ;STATUS;GPS SAT COUNT;GPS SPEED ACC;GPS POS ACC;INITIAL PITCH;INITIAL ROLL;PROCESSED PITCH;PROCESSED ACCEL;FILTERED PROCESSED ACCEL;SLIP ANGLE;PROCESSED SPEED
[mS];[V];[m/s/s];[m/s/s];[m/s/s];[deg/s];[km/h];[-];[N];[N];[deg];[deg];[deg];[m];[m];[m];[-];[-];[km/h];[m];[deg];[deg];[deg];[m/s/s];[m/s/s];[deg];[km/h]


0;13,9;-0,66;-1,08;9,70;-0,43;70,92;0;0;0;347,3;4,6779122;51,8503418;-18,96;92,00;7,91;3;10;0,9;2,8;1,65;2,93;-3,03;-0,70;-0,67;179,83;70,20
10;13,9;-1,30;-0,94;9,23;-1,16;70,92;0;0;0;347,3;4,6779122;51,8503418;-18,96;92,00;7,91;3;10;0,9;2,8;3,04;6,33;-3,04;-0,15;-0,62;179,83;70,20
20;13,9;-0,48;-0,32;10,02;0,35;70,92;0;0;0;347,3;4,6779122;51,8503418;-18,96;92,00;7,91;3;10;0,9;2,8;3,04;5,93;-3,05;-0,78;-0,64;179,83;70,17
30;13,8;-0,68;-0,03;10,18;0,65;70,92;0;0;0;347,3;4,6779122;51,8503418;-18,96;92,00;7,91;3;10;0,9;2,8;3,05;4,57;-3,05;0,04;-0,57;179,83;70,18
40;13,8;-1,23;-0,63;9,26;-0,15;70,92;0;0;0;347,3;4,6779122;51,8503418;-18,96;92,00;7,91;3;10;0,9;2,8;3,05;3,48;-3,05;-0,16;-0,53;179,83;70,17
50;13,8;-1,18;-0,17;9,50;0,81;70,92;0;0;0;347,3;4,6779122;51,8503418;-18,96;92,00;7,91;3;10;0,9;2,8;3,05;3,52;-3,05;-0,71;-0,55;179,83;70,15
60;13,9;-1,30;-0,22;9,80;0,50;70,92;0;0;0;347,3;4,6779122;51,8503418;-18,96;92,00;7,91;3;10;0,9;2,8;3,05;3,10;-3,05;-0,66;-0,56;179,83;70,13
70;13,9;-1,10;-0,51;9,57;0,87;70,92;0;0;0;347,3;4,6779122;51,8503418;-18,96;92,00;7,91;3;10;0,9;2,8;3,05;2,84;-3,05;-0,78;-0,58;179,83;70,10
80;13,9;-1,23;-0,59;9,88;0,10;70,92;0;0;0;347,3;4,6779122;51,8503418;-18,96;92,00;7,91;3;10;0,9;2,8;3,05;2,86;-3,04;-0,58;-0,58;179,83;70,08
90;13,9;-0,98;-0,07;10,00;0,57;70,92;0;0;0;347,3;4,6779122;51,8503418;-18,96;92,00;7,91;3;10;0,9;2,8;3,05;2,92;-3,04;-0,71;-0,59;179,83;70,06
100;13,8;-1,05;-0,49;9,77;-0,09;70,92;0;0;0;347,3;4,6779122;51,8503418;-18,96;92,00;7,91;3;10;0,9;2,8;3,04;2,67;-3,04;-0,46;-0,58;179,83;70,04
110;13,8;-1,01;-0,70;9,39;0,61;70,92;0;0;0;347,3;4,6779122;51,8503418;-18,96;92,00;7,91;3;10;0,9;2,8;3,04;2,69;-3,04;-0,53;-0,57;179,83;70,03
120;13,8;-1,16;-0,65;9,60;0,41;70,92;0;0;0;347,3;4,6779122;51,8503418;-18,96;92,00;7,91;3;10;0,9;2,8;3,04;2,81;-3,04;-0,49;-0,57;179,83;70,01
130;13,8;-1,68;-0,39;9,66;-0,50;70,92;0;0;0;347,3;4,6779122;51,8503418;-18,96;92,00;7,91;3;10;0,9;2,8;3,04;2,89;-3,04;-0,64;-0,57;179,83;69,99
140;13,9;-1,13;-0,48;9,50;0,64;70,92;0;0;0;347,3;4,6779122;51,8503418;-18,96;92,00;7,91;3;10;0,9;2,8;3,04;2,84;-3,05;-1,16;-0,63;179,83;69,95
150;13,9;-0,93;-0,32;9,87;0,79;70,92;0;0;0;347,3;4,6779122;51,8503418;-18,96;92,00;7,91;3;10;0,9;2,8;3,04;2,84;-3,05;-0,61;-0,63;179,83;69,93
160;13,9;-1,35;-0,55;9,85;-0,74;70,92;0;0;0;347,3;4,6779122;51,8503418;-18,96;92,00;7,91;3;10;0,9;2,8;3,04;2,78;-3,04;-0,41;-0,61;179,83;69,92
170;13,9;-0,68;-0,28;9,41;0,14;70,92;0;0;0;347,3;4,6779122;51,8503418;-18,96;92,00;7,91;3;10;0,9;2,8;3,04;2,81;-3,05;-0,83;-0,63;179,83;69,89
180;13,8;-1,08;-0,03;9,97;0,53;70,31;0;0;0;347,1;4,6778879;51,8504105;-20,64;99,60;7,94;3;10;0,9;2,8;3,05;2,74;-3,05;-0,16;-0,58;179,83;69,89
190;13,8;-1,15;-0,08;10,04;0,21;70,31;0;0;0;347,1;4,6778879;51,8504105;-20,64;99,60;7,94;3;10;0,9;2,8;3,05;2,61;-3,05;-0,56;-0,58;179,66;69,87
200;13,8;-1,07;-0,66;9,07;0,08;70,31;0;0;0;347,1;4,6778879;51,8504105;-20,64;99,60;7,94;3;10;0,9;2,8;3,05;2,50;-3,05;-0,63;-0,59;179,66;69,85
210;13,9;-1,11;-0,71;9,03;0,46;70,31;0;0;0;347,1;4,6778879;51,8504105;-20,64;99,60;7,94;3;10;0,9;2,8;3,05;2,57;-3,05;-0,55;-0,58;179,66;69,84
220;13,9;-1,08;-0,24;9,45;0,33;70,31;0;0;0;347,1;4,6778879;51,8504105;-20,64;99,60;7,94;3;10;0,9;2,8;3,05;2,64;-3,05;-0,59;-0,58;179,66;69,82
230;13,8;-1,08;-0,30;9,81;-0,01;70,31;0;0;0;347,1;4,6778879;51,8504105;-20,64;99,60;7,94;3;10;0,9;2,8;3,05;2,58;-3,05;-0,56;-0,58;179,66;69,80
240;13,9;-1,08;-0,33;9,62;0,34;70,31;0;0;0;347,1;4,6778879;51,8504105;-20,64;99,60;7,94;3;10;0,9;2,8;3,05;2,55;-3,06;-0,55;-0,58;179,66;69,78
250;13,8;-1,22;-0,29;10,24;0,06;70,31;0;0;0;347,1;4,6778879;51,8504105;-20,64;99,60;7,94;3;10;0,9;2,8;3,05;2,53;-3,06;-0,55;-0,58;179,66;69,77
260;13,8;-1,12;-0,39;10,06;0,11;70,31;0;0;0;347,1;4,6778879;51,8504105;-20,64;99,60;7,94;3;10;0,9;2,8;3,05;2,49;-3,06;-0,70;-0,59;179,66;69,74
270;13,9;-1,28;-0,89;9,56;0,21;70,31;0;0;0;347,1;4,6778879;51,8504105;-20,64;99,60;7,94;3;10;0,9;2,8;3,05;2,49;-3,06;-0,60;-0,59;179,66;69,72
280;13,9;-1,50;-0,91;9,41;-0,88;70,31;0;0;0;347,1;4,6778879;51,8504105;-20,64;99,60;7,94;3;10;0,9;2,8;3,05;2,58;-3,06;-0,76;-0,61;179,66;69,69
290;13,9;-0,92;-0,47;9,11;-0,76;70,31;0;0;0;347,1;4,6778879;51,8504105;-20,64;99,60;7,94;3;10;0,9;2,8;3,05;2,68;-3,07;-0,97;-0,64;179,66;69,66
300;13,9;-0,81;-0,45;9,18;-0,44;70,31;0;0;0;347,1;4,6778879;51,8504105;-20,64;99,60;7,94;3;10;0,9;2,8;3,05;2,68;-3,08;-0,40;-0,62;179,66;69,64
310;13,8;-0,82;-0,08;8,97;-0,20;70,31;0;0;0;347,1;4,6778879;51,8504105;-20,64;99,60;7,94;3;10;0,9;2,8;3,05;2,68;-3,09;-0,28;-0,58;179,66;69,63
320;13,8;-1,15;-0,27;10,12;-0,14;70,31;0;0;0;347,1;4,6778879;51,8504105;-20,64;99,60;7,94;3;10;0,9;2,8;3,05;2,61;-3,09;-0,29;-0,55;179,66;69,62
330;13,8;-1,22;-0,30;10,16;-0,24;70,31;0;0;0;347,1;4,6778879;51,8504105;-20,64;99,60;7,94;3;10;0,9;2,8;3,05;2,58;-3,10;-0,62;-0,56;179,66;69,60
340;13,8;-1,25;-0,94;10,39;-0,16;70,31;0;0;0;347,1;4,6778879;51,8504105;-20,64;99,60;7,94;3;10;0,9;2,8;3,06;2,55;-3,10;-0,69;-0,57;179,66;69,57
350;13,9;-1,08;-0,47;8,96;-0,45;70,31;0;0;0;347,1;4,6778879;51,8504105;-20,64;99,60;7,94;3;10;0,9;2,8;3,06;2,64;-3,11;-0,72;-0,59;179,66;69,54
360;13,9;-1,37;-0,60;8,85;-0,41;70,31;0;0;0;347,1;4,6778879;51,8504105;-20,64;99,60;7,94;3;10;0,9;2,8;3,06;2,64;-3,11;-0,54;-0,58;179,66;69,52
370;13,9;-1,18;-0,51;8,91;-0,77;70,31;0;0;0;347,1;4,6778879;51,8504105;-20,64;99,60;7,94;3;10;0,9;2,8;3,06;2,66;-3,12;-0,84;-0,61;179,66;69,50
380;13,8;-0,66;-0,27;9,35;0,65;70,31;0;0;0;347,1;4,6778760;51,8504448;-21,46;103,41;7,94;3;10;0,9;2,8;3,06;2,67;-3,13;-0,65;-0,61;179,66;69,47
390;13,8;-1,00;-0,37;10,54;0,36;69,91;0;0;0;347,1;4,6778760;51,8504448;-21,46;103,41;7,94;3;10;0,9;2,8;3,06;2,64;-3,13;-0,13;-0,57;179,66;69,47
400;13,8;-1,74;-1,07;10,10;-0,70;69,91;0;0;0;347,1;4,6778760;51,8504448;-21,46;103,41;7,94;3;10;0,9;2,8;3,07;2,63;-3,13;-0,47;-0,56;179,61;69,45
410;13,8;-1,64;-0,12;9,61;-0,90;69,91;0;0;0;347,1;4,6778760;51,8504448;-21,46;103,41;7,94;3;10;0,9;2,8;3,07;2,72;-3,14;-1,20;-0,62;179,61;69,41
420;13,9;-1,06;-0,14;9,43;-0,34;69,91;0;0;0;347,1;4,6778760;51,8504448;-21,46;103,41;7,94;3;10;0,9;2,8;3,07;2,67;-3,15;-1,10;-0,67;179,61;69,37
430;13,9;-1,08;-0,79;9,15;0,50;69,91;0;0;0;347,1;4,6778760;51,8504448;-21,46;103,41;7,94;3;10;0,9;2,8;3,07;2,63;-3,16;-0,52;-0,65;179,61;69,35
440;13,9;-1,35;-1,04;9,22;-0,18;69,91;0;0;0;347,1;4,6778760;51,8504448;-21,46;103,41;7,94;3;10;0,9;2,8;3,07;2,67;-3,15;-0,54;-0,64;179,61;69,34
450;13,9;-1,53;-0,28;9,50;0,12;69,91;0;0;0;347,1;4,6778760;51,8504448;-21,46;103,41;7,94;3;10;0,9;2,8;3,08;2,75;-3,16;-0,82;-0,66;179,61;69,31
460;13,8;-1,71;-0,35;10,17;-0,82;69,91;0;0;0;347,1;4,6778760;51,8504448;-21,46;103,41;7,94;3;10;0,9;2,8;3,08;2,73;-3,16;-0,99;-0,69;179,61;69,27
470;13,8;-0,65;-0,50;9,94;0,92;69,91;0;0;0;347,1;4,6778760;51,8504448;-21,46;103,41;7,94;3;10;0,9;2,8;3,08;2,71;-3,17;-1,17;-0,74;179,61;69,23
480;13,8;-0,52;-0,28;9,69;0,42;69,91;0;0;0;347,1;4,6778760;51,8504448;-21,46;103,41;7,94;3;10;0,9;2,8;3,08;2,72;-3,17;-0,11;-0,68;179,61;69,22
490;13,9;-1,64;-0,02;9,59;0,08;69,91;0;0;0;347,1;4,6778760;51,8504448;-21,46;103,41;7,94;3;10;0,9;2,8;3,08;2,69;-3,16;0,02;-0,61;179,61;69,22
500;13,9;-1,56;-1,02;9,05;-0,20;69,91;0;0;0;347,1;4,6778760;51,8504448;-21,46;103,41;7,94;3;10;0,9;2,8;3,08;2,64;-3,17;-1,10;-0,66;179,61;69,18
510;13,9;-1,24;-0,76;9,36;0,44;69,91;0;0;0;347,1;4,6778760;51,8504448;-21,46;103,41;7,94;3;10;0,9;2,8;3,09;2,71;-3,17;-1,01;-0,69;179,61;69,15
520;13,8;-1,34;-0,35;10,02;0,41;69,91;0;0;0;347,1;4,6778760;51,8504448;-21,46;103,41;7,94;3;10;0,9;2,8;3,09;2,74;-3,17;-0,70;-0,69;179,61;69,12
530;13,8;-1,40;-0,47;10,03;0,02;69,91;0;0;0;347,1;4,6778760;51,8504448;-21,46;103,41;7,94;3;10;0,9;2,8;3,09;2,73;-3,17;-0,79;-0,70;179,61;69,09
540;13,8;-1,10;-0,62;9,47;0,44;69,91;0;0;0;347,1;4,6778760;51,8504448;-21,46;103,41;7,94;3;10;0,9;2,8;3,09;2,73;-3,17;-0,86;-0,72;179,61;69,06
550;13,9;-1,40;-0,39;10,33;0,11;69,91;0;0;0;347,1;4,6778760;51,8504448;-21,46;103,41;7,94;3;10;0,9;2,8;3,09;2,74;-3,17;-0,55;-0,70;179,61;69,04
560;13,9;-0,99;-0,62;9,22;-0,19;69,91;0;0;0;347,1;4,6778760;51,8504448;-21,46;103,41;7,94;3;10;0,9;2,8;3,09;2,74;-3,17;-0,86;-0,72;179,61;69,01
570;13,9;-1,05;-0,77;9,30;0,67;69,91;0;0;0;347,1;4,6778760;51,8504448;-21,46;103,41;7,94;3;10;0,9;2,8;3,10;2,75;-3,18;-0,45;-0,69;179,61;68,99
580;13,9;-1,20;-0,62;9,58;1,29;69,91;0;0;0;347,1;4,6778760;51,8504448;-21,46;103,41;7,94;3;10;0,9;2,8;3,10;2,78;-3,17;-0,51;-0,67;179,61;68,98
590;13,8;-1,50;-0,18;9,51;0,29;69,52;0;0;0;347,0;4,6778636;51,8504791;-22,31;107,59;7,94;3;10;0,9;2,8;3,10;2,80;-3,16;-0,66;-0,67;179,61;68,95
600;13,8;-1,15;-0,51;9,93;0,71;69,52;0;0;0;347,0;4,6778636;51,8504791;-22,31;107,59;7,94;3;10;0,9;2,8;3,10;2,77;-3,16;-0,96;-0,70;179,59;68,92
610;13,8;-1,00;-0,60;10,00;0,20;69,52;0;0;0;347,0;4,6778636;51,8504791;-22,31;107,59;7,94;3;10;0,9;2,8;3,10;2,77;-3,16;-0,61;-0,69;179,59;68,90
620;13,9;-1,08;-0,74;9,78;0,59;69,52;0;0;0;347,0;4,6778636;51,8504791;-22,31;107,59;7,94;3;10;0,9;2,8;3,10;2,78;-3,16;-0,46;-0,67;179,59;68,88
630;13,9;-1,06;-0,86;9,20;0,72;69,52;0;0;0;347,0;4,6778636;51,8504791;-22,31;107,59;7,94;3;10;0,9;2,8;3,10;2,81;-3,16;-0,54;-0,66;179,59;68,87
640;13,9;-1,48;-0,93;9,82;0,06;69,52;0;0;0;347,0;4,6778636;51,8504791;-22,31;107,59;7,94;3;10;0,9;2,8;3,10;2,84;-3,15;-0,52;-0,64;179,59;68,85
650;13,9;-1,18;-0,55;12,11;-0,30;69,52;0;0;0;347,0;4,6778636;51,8504791;-22,31;107,59;7,94;3;10;0,9;2,8;3,10;2,88;-3,16;-0,94;-0,67;179,59;68,81
660;13,8;-0,98;-0,68;9,59;0,53;69,52;0;0;0;347,0;4,6778636;51,8504791;-22,31;107,59;7,94;3;10;0,9;2,8;3,10;2,89;-3,16;-0,64;-0,67;179,59;68,79
670;13,8;-1,10;-0,23;9,70;0,68;69,52;0;0;0;347,0;4,6778636;51,8504791;-22,31;107,59;7,94;3;10;0,9;2,8;3,10;2,90;-3,16;-0,44;-0,65;179,59;68,77
680;13,8;-1,27;-0,40;9,85;0,44;69,52;0;0;0;347,0;4,6778636;51,8504791;-22,31;107,59;7,94;3;10;0,9;2,8;3,11;2,88;-3,16;-0,56;-0,64;179,59;68,75
690;13,9;-1,21;0,16;9,83;0,49;69,52;0;0;0;347,0;4,6778636;51,8504791;-22,31;107,59;7,94;3;10;0,9;2,8;3,11;2,87;-3,16;-0,73;-0,65;179,59;68,73
700;13,9;-1,41;-0,27;10,03;0,50;69,52;0;0;0;347,0;4,6778636;51,8504791;-22,31;107,59;7,94;3;10;0,9;2,8;3,11;2,82;-3,15;-0,67;-0,65;179,59;68,70
710;13,9;-1,26;-0,60;9,94;1,00;69,52;0;0;0;347,0;4,6778636;51,8504791;-22,31;107,59;7,94;3;10;0,9;2,8;3,11;2,80;-3,15;-0,87;-0,67;179,59;68,67
720;13,9;-1,57;-0,01;9,71;0,57;69,52;0;0;0;347,0;4,6778636;51,8504791;-22,31;107,59;7,94;3;10;0,9;2,8;3,11;2,81;-3,14;-0,72;-0,68;179,59;68,64
730;13,8;-1,34;-0,48;9,80;0,63;69,52;0;0;0;347,0;4,6778636;51,8504791;-22,31;107,59;7,94;3;10;0,9;2,8;3,11;2,77;-3,14;-1,03;-0,71;179,59;68,60
740;13,8;-1,19;-0,30;9,83;0,58;69,52;0;0;0;347,0;4,6778636;51,8504791;-22,31;107,59;7,94;3;10;0,9;2,8;3,11;2,77;-3,14;-0,80;-0,72;179,59;68,57
750;13,8;-0,98;-0,70;9,87;0,75;69,52;0;0;0;347,0;4,6778636;51,8504791;-22,31;107,59;7,94;3;10;0,9;2,8;3,11;2,76;-3,14;-0,66;-0,71;179,59;68,55
760;13,9;-0,97;-0,14;9,75;1,46;69,52;0;0;0;347,0;4,6778636;51,8504791;-22,31;107,59;7,94;3;10;0,9;2,8;3,11;2,78;-3,13;-0,45;-0,69;179,59;68,53
770;13,9;-1,40;-0,37;9,42;1,00;69,52;0;0;0;347,0;4,6778636;51,8504791;-22,31;107,59;7,94;3;10;0,9;2,8;3,11;2,75;-3,12;-0,44;-0,66;179,59;68,52
780;13,9;-1,43;-0,63;9,35;0,39;69,52;0;0;0;347,0;4,6778512;51,8505135;-23,16;111,01;7,94;3;10;0,9;2,8;3,11;2,74;-3,11;-0,87;-0,68;179,59;68,49
790;13,9;-1,16;0,50;10,13;0,22;69,16;0;0;0;346,9;4,6778512;51,8505135;-23,16;111,01;7,95;3;10;0,9;2,8;3,11;2,76;-3,11;-0,90;-0,70;179,49;68,46
800;13,8;-0,68;0,19;10,41;1,34;69,16;0;0;0;346,9;4,6778512;51,8505135;-23,16;111,01;7,95;3;10;0,9;2,8;3,11;2,69;-3,11;-0,63;-0,70;179,49;68,44
810;13,8;-1,04;0,22;9,69;0,50;69,16;0;0;0;346,9;4,6778512;51,8505135;-23,16;111,01;7,95;3;10;0,9;2,8;3,11;2,64;-3,10;-0,15;-0,64;179,49;68,43
820;13,9;-0,96;-0,57;9,60;0,92;69,16;0;0;0;346,9;4,6778512;51,8505135;-23,16;111,01;7,95;3;10;0,9;2,8;3,11;2,59;-3,10;-0,51;-0,63;179,49;68,41
830;13,9;-1,36;-0,38;9,67;0,04;69,16;0;0;0;346,9;4,6778512;51,8505135;-23,16;111,01;7,95;3;10;0,9;2,8;3,11;2,60;-3,09;-0,43;-0,61;179,49;68,40
840;13,9;-0,94;-0,28;9,11;0,07;69,16;0;0;0;346,9;4,6778512;51,8505135;-23,16;111,01;7,95;3;10;0,9;2,8;3,11;2,60;-3,10;-0,84;-0,63;179,49;68,37
850;13,9;-1,11;-0,73;9,67;0,21;69,16;0;0;0;346,9;4,6778512;51,8505135;-23,16;111,01;7,95;3;10;0,9;2,8;3,11;2,58;-3,10;-0,41;-0,61;179,49;68,36
860;13,8;-1,16;-0,12;10,30;0,78;69,16;0;0;0;346,9;4,6778512;51,8505135;-23,16;111,01;7,95;3;10;0,9;2,8;3,11;2,60;-3,10;-0,59;-0,61;179,49;68,33
870;13,8;-1,04;-0,25;9,76;0,19;69,16;0;0;0;346,9;4,6778512;51,8505135;-23,16;111,01;7,95;3;10;0,9;2,8;3,11;2,58;-3,09;-0,63;-0,61;179,49;68,31
880;13,8;-1,36;-0,73;9,81;-0,52;69,16;0;0;0;346,9;4,6778512;51,8505135;-23,16;111,01;7,95;3;10;0,9;2,8;3,11;2,57;-3,10;-0,51;-0,60;179,49;68,29
890;13,9;-0,86;-0,47;9,80;0,43;69,16;0;0;0;346,9;4,6778512;51,8505135;-23,16;111,01;7,95;3;10;0,9;2,8;3,11;2,59;-3,10;-0,83;-0,62;179,49;68,26
900;13,9;-1,03;-0,69;9,84;0,38;69,16;0;0;0;346,9;4,6778512;51,8505135;-23,16;111,01;7,95;3;10;0,9;2,8;3,11;2,59;-3,10;-0,33;-0,59;179,49;68,25
910;13,9;-1,34;-0,57;9,46;0,50;69,16;0;0;0;346,9;4,6778512;51,8505135;-23,16;111,01;7,95;3;10;0,9;2,8;3,11;2,61;-3,10;-0,50;-0,58;179,49;68,23
920;13,8;-1,43;-0,54;9,27;-0,38;69,16;0;0;0;346,9;4,6778512;51,8505135;-23,16;111,01;7,95;3;10;0,9;2,8;3,11;2,61;-3,10;-0,82;-0,61;179,49;68,20
930;13,8;-0,74;-0,22;9,26;-0,81;69,16;0;0;0;346,9;4,6778512;51,8505135;-23,16;111,01;7,95;3;10;0,9;2,8;3,11;2,62;-3,11;-0,90;-0,64;179,49;68,17
940;13,8;-0,49;-0,27;9,30;0,63;69,16;0;0;0;346,9;4,6778512;51,8505135;-23,16;111,01;7,95;3;10;0,9;2,8;3,11;2,61;-3,12;-0,21;-0,59;179,49;68,16
950;13,9;-1,21;-0,58;9,38;-0,09;69,16;0;0;0;346,9;4,6778512;51,8505135;-23,16;111,01;7,95;3;10;0,9;2,8;3,11;2,59;-3,11;0,04;-0,53;179,49;68,16
960;13,9;-1,12;-0,73;9,24;-0,55;69,16;0;0;0;346,9;4,6778512;51,8505135;-23,16;111,01;7,95;3;10;0,9;2,8;3,11;2,60;-3,12;-0,68;-0,55;179,49;68,14
970;13,9;-1,16;-0,09;9,60;-0,64;69,16;0;0;0;346,9;4,6778512;51,8505135;-23,16;111,01;7,95;3;10;0,9;2,8;3,11;2,62;-3,13;-0,59;-0,55;179,49;68,12
980;13,9;-1,00;-0,89;10,02;0,20;69,16;0;0;0;346,9;4,6778512;51,8505135;-23,16;111,01;7,95;3;10;0,9;2,8;3,11;2,60;-3,14;-0,63;-0,56;179,49;68,10
990;13,8;-0,98;-1,20;9,34;-1,10;68,58;0;0;0;346,9;4,6778393;51,8505478;-23,98;114,81;7,96;3;10;0,9;2,8;3,11;2,62;-3,14;-0,46;-0,55;179,49;68,09
1000;13,8;-1,33;-0,20;9,74;-0,92;68,58;0;0;0;346,9;4,6778393;51,8505478;-23,98;114,81;7,96;3;10;0,9;2,8;3,11;2,67;-3,15;-0,44;-0,54;179,49;68,07
1010;13,8;-1,20;-0,36;9,68;-1,15;68,58;0;0;0;346,9;4,6778393;51,8505478;-23,98;114,81;7,96;3;10;0,9;2,8;3,11;2,67;-3,16;-0,79;-0,56;179,49;68,05
1020;13,9;-0,93;-0,86;8,65;-1,86;68,58;0;0;0;346,9;4,6778393;51,8505478;-23,98;114,81;7,96;3;10;0,9;2,8;3,11;2,67;-3,18;-0,66;-0,57;179,49;68,03
1030;13,9;-0,52;-0,80;8,91;0,24;68,58;0;0;0;346,9;4,6778393;51,8505478;-23,98;114,81;7,96;3;10;0,9;2,8;3,11;2,67;-3,20;-0,39;-0,55;179,49;68,01
1040;13,9;-1,33;-0,07;9,71;-0,76;68,58;0;0;0;346,9;4,6778393;51,8505478;-23,98;114,81;7,96;3;10;0,9;2,8;3,11;2,67;-3,20;0,03;-0,50;179,49;68,02
1050;13,8;-1,64;-0,60;9,87;-1,25;68,58;0;0;0;346,9;4,6778393;51,8505478;-23,98;114,81;7,96;3;10;0,9;2,8;3,11;2,67;-3,21;-0,78;-0,52;179,49;67,99
1060;13,8;-1,50;-0,14;9,41;-1,57;68,58;0;0;0;346,9;4,6778393;51,8505478;-23,98;114,81;7,96;3;10;0,9;2,8;3,11;2,67;-3,23;-1,09;-0,58;179,49;67,95
1070;13,8;-0,93;-0,23;9,72;-1,49;68,58;0;0;0;346,9;4,6778393;51,8505478;-23,98;114,81;7,96;3;10;0,9;2,8;3,11;2,67;-3,24;-0,94;-0,62;179,49;67,92
1080;13,9;-0,82;-0,33;9,79;-0,10;68,58;0;0;0;346,9;4,6778393;51,8505478;-23,98;114,81;7,96;3;10;0,9;2,8;3,11;2,67;-3,26;-0,38;-0,59;179,49;67,90
1090;13,9;-1,54;-0,59;8,92;-0,82;68,58;0;0;0;346,9;4,6778393;51,8505478;-23,98;114,81;7,96;3;10;0,9;2,8;3,11;2,67;-3,27;-0,26;-0,56;179,49;67,89
1100;13,9;-1,55;-1,10;9,34;-1,05;68,58;0;0;0;346,9;4,6778393;51,8505478;-23,98;114,81;7,96;3;10;0,9;2,8;3,11;2,67;-3,28;-0,98;-0,60;179,49;67,85
1110;13,9;-1,14;0,12;9,32;-0,75;68,58;0;0;0;346,9;4,6778393;51,8505478;-23,98;114,81;7,96;3;10;0,9;2,8;3,11;2,67;-3,29;-0,98;-0,64;179,49;67,82
1120;13,8;-1,02;-0,32;9,84;-0,13;68,58;0;0;0;346,9;4,6778393;51,8505478;-23,98;114,81;7,96;3;10;0,9;2,8;3,11;2,67;-3,30;-0,58;-0,63;179,49;67,80
1130;13,8;-1,04;-0,32;9,72;0,37;68,58;0;0;0;346,9;4,6778393;51,8505478;-23,98;114,81;7,96;3;10;0,9;2,8;3,11;2,67;-3,30;-0,45;-0,62;179,49;67,78
1140;13,9;-1,50;-0,59;10,05;-0,86;68,58;0;0;0;346,9;4,6778393;51,8505478;-23,98;114,81;7,96;3;10;0,9;2,8;3,11;2,67;-3,30;-0,47;-0,60;179,49;67,76
1150;13,9;-1,26;-0,02;9,68;-0,27;68,58;0;0;0;346,9;4,6778393;51,8505478;-23,98;114,81;7,96;3;10;0,9;2,8;3,11;2,67;-3,31;-0,93;-0,63;179,49;67,73
1160;13,9;-1,17;-0,51;9,05;0,21;68,58;0;0;0;346,9;4,6778393;51,8505478;-23,98;114,81;7,96;3;10;0,9;2,8;3,11;2,67;-3,32;-0,69;-0,64;179,49;67,70
1170;13,9;-1,42;-0,58;9,36;-0,40;68,58;0;0;0;346,9;4,6778393;51,8505478;-23,98;114,81;7,96;3;10;0,9;2,8;3,11;2,67;-3,32;-0,61;-0,64;179,49;67,68
1180;13,8;-1,11;-0,09;9,96;0,46;68,58;0;0;0;346,9;4,6778393;51,8505478;-23,98;114,81;7,96;3;10;0,9;2,8;3,11;2,67;-3,33;-0,85;-0,66;179,49;67,65
1190;13,8;-1,23;-0,12;9,94;0,41;67,90;0;0;0;346,9;4,6778269;51,8505783;-24,83;118,61;8,02;3;10;0,9;2,8;3,11;2,67;-3,33;-0,54;-0,65;179,49;67,64
1200;13,7;-1,50;-0,85;9,64;-0,87;67,90;0;0;0;346,9;4,6778269;51,8505783;-24,83;118,61;8,02;3;10;0,9;2,8;3,11;2,67;-3,32;-0,66;-0,65;179,47;67,61
1210;13,8;-0,88;-0,98;9,90;0,78;67,90;0;0;0;346,9;4,6778269;51,8505783;-24,83;118,61;8,02;3;10;0,9;2,8;3,11;2,67;-3,34;-0,93;-0,68;179,47;67,58
1220;13,8;-1,44;-0,65;9,77;0,50;67,90;0;0;0;346,9;4,6778269;51,8505783;-24,83;118,61;8,02;3;10;0,9;2,8;3,11;2,67;-3,33;-0,31;-0,64;179,47;67,57
1230;13,8;-1,36;-0,16;10,30;1,17;67,90;0;0;0;346,9;4,6778269;51,8505783;-24,83;118,61;8,02;3;10;0,9;2,8;3,11;2,67;-3,33;-0,87;-0,66;179,47;67,54
1240;13,8;-1,09;-0,37;9,43;1,10;67,90;0;0;0;346,9;4,6778269;51,8505783;-24,83;118,61;8,02;3;10;0,9;2,8;3,11;2,67;-3,32;-0,80;-0,68;179,47;67,51
1250;13,8;-1,52;-0,22;9,58;1,07;67,90;0;0;0;346,9;4,6778269;51,8505783;-24,83;118,61;8,02;3;10;0,9;2,8;3,11;2,67;-3,31;-0,52;-0,66;179,47;67,50
1260;13,8;-1,30;-0,28;9,86;1,12;67,90;0;0;0;346,9;4,6778269;51,8505783;-24,83;118,61;8,02;3;10;0,9;2,8;3,11;2,67;-3,30;-0,95;-0,69;179,47;67,46
1270;13,9;-1,12;-1,02;10,23;1,46;67,90;0;0;0;346,9;4,6778269;51,8505783;-24,83;118,61;8,02;3;10;0,9;2,8;3,11;2,67;-3,30;-0,73;-0,69;179,47;67,43
1280;13,8;-1,01;-0,68;9,86;1,38;67,90;0;0;0;346,9;4,6778269;51,8505783;-24,83;118,61;8,02;3;10;0,9;2,8;3,11;2,67;-3,28;-0,56;-0,68;179,47;67,41
1290;13,8;-1,61;-0,72;10,25;0,97;67,90;0;0;0;346,9;4,6778269;51,8505783;-24,83;118,61;8,02;3;10;0,9;2,8;3,11;2,67;-3,27;-0,45;-0,66;179,47;67,39
1300;13,8;-1,57;-0,41;9,79;0,36;67,90;0;0;0;346,9;4,6778269;51,8505783;-24,83;118,61;8,02;3;10;0,9;2,8;3,11;2,67;-3,27;-1,06;-0,70;179,47;67,35
1310;13,8;-0,54;-0,37;9,38;1,84;67,90;0;0;0;346,9;4,6778269;51,8505783;-24,83;118,61;8,02;3;10;0,9;2,8;3,11;2,67;-3,27;-1,01;-0,73;179,47;67,31
1320;13,8;-1,39;-0,24;9,54;1,13;67,90;0;0;0;346,9;4,6778269;51,8505783;-24,83;118,61;8,02;3;10;0,9;2,8;3,11;2,67;-3,25;0,02;-0,65;179,47;67,31
1330;13,9;-1,35;-0,12;8,96;0,06;67,90;0;0;0;346,9;4,6778269;51,8505783;-24,83;118,61;8,02;3;10;0,9;2,8;3,11;2,67;-3,24;-0,84;-0,67;179,47;67,27
1340;13,9;-0,87;-0,32;9,19;1,85;67,90;0;0;0;346,9;4,6778269;51,8505783;-24,83;118,61;8,02;3;10;0,9;2,8;3,11;2,67;-3,24;-0,80;-0,69;179,47;67,24
1350;13,8;-1,22;-0,64;10,07;1,23;67,90;0;0;0;346,9;4,6778269;51,8505783;-24,83;118,61;8,02;3;10;0,9;2,8;3,11;2,67;-3,23;-0,31;-0,65;179,47;67,23
1360;13,8;-0,95;0,03;10,61;0,67;67,90;0;0;0;346,9;4,6778269;51,8505783;-24,83;118,61;8,02;3;10;0,9;2,8;3,11;2,67;-3,22;-0,67;-0,65;179,47;67,20
1370;13,8;-0,88;0,11;10,20;1,14;67,90;0;0;0;346,9;4,6778269;51,8505783;-24,83;118,61;8,02;3;10;0,9;2,8;3,11;2,67;-3,21;-0,40;-0,63;179,47;67,19
1380;13,8;-1,37;-0,57;9,63;0,29;67,90;0;0;0;346,9;4,6778150;51,8506126;-25,66;122,03;8,02;3;10;0,9;2,8;3,11;2,67;-3,21;-0,34;-0,60;179,47;67,17
1390;13,9;-1,13;-0,74;9,14;-0,19;67,72;0;0;0;346,9;4,6778150;51,8506126;-25,66;122,03;8,01;3;10;0,8;2,8;3,11;2,67;-3,21;-0,83;-0,62;179,47;67,14
1400;13,8;-0,66;-0,08;9,20;0,61;67,72;0;0;0;346,9;4,6778150;51,8506126;-25,66;122,03;8,01;3;10;0,8;2,8;3,11;2,67;-3,21;-0,59;-0,62;179,41;67,12
1410;13,8;-0,98;-0,69;9,53;0,75;67,72;0;0;0;346,9;4,6778150;51,8506126;-25,66;122,03;8,01;3;10;0,8;2,8;3,11;2,67;-3,21;-0,12;-0,57;179,41;67,12
1420;13,8;-1,37;-0,07;9,60;0,14;67,72;0;0;0;346,9;4,6778150;51,8506126;-25,66;122,03;8,01;3;10;0,8;2,8;3,11;2,67;-3,20;-0,43;-0,55;179,41;67,10
1430;13,8;-1,25;-0,29;9,98;-0,26;67,72;0;0;0;346,9;4,6778150;51,8506126;-25,66;122,03;8,01;3;10;0,8;2,8;3,11;2,67;-3,20;-0,83;-0,58;179,41;67,07
1440;13,8;-0,75;-0,01;9,80;0,23;67,72;0;0;0;346,9;4,6778150;51,8506126;-25,66;122,03;8,01;3;10;0,8;2,8;3,11;2,67;-3,21;-0,70;-0,59;179,41;67,04
1450;13,9;-0,99;0,08;8,56;-0,36;67,72;0;0;0;346,9;4,6778150;51,8506126;-25,66;122,03;8,01;3;10;0,8;2,8;3,11;2,67;-3,21;-0,20;-0,55;179,41;67,03
1460;13,8;-1,22;-0,99;9,71;-0,47;67,72;0;0;0;346,9;4,6778150;51,8506126;-25,66;122,03;8,01;3;10;0,8;2,8;3,11;2,67;-3,22;-0,44;-0,54;179,41;67,02
1470;13,8;-0,83;-0,58;9,01;0,06;67,72;0;0;0;346,9;4,6778150;51,8506126;-25,66;122,03;8,01;3;10;0,8;2,8;3,11;2,67;-3,22;-0,67;-0,56;179,41;66,99
1480;13,8;-1,66;-0,13;9,91;-0,89;67,72;0;0;0;346,9;4,6778150;51,8506126;-25,66;122,03;8,01;3;10;0,8;2,8;3,11;2,67;-3,23;-0,28;-0,53;179,41;66,98
1490;13,8;-0,88;-0,08;9,19;-0,78;67,72;0;0;0;346,9;4,6778150;51,8506126;-25,66;122,03;8,01;3;10;0,8;2,8;3,11;2,67;-3,24;-1,11;-0,59;179,41;66,94
1500;13,8;-0,63;-0,12;9,17;-0,47;67,72;0;0;0;346,9;4,6778150;51,8506126;-25,66;122,03;8,01;3;10;0,8;2,8;3,11;2,67;-3,25;-0,33;-0,56;179,41;66,92
1510;13,9;-0,68;-0,27;9,59;0,31;67,72;0;0;0;346,9;4,6778150;51,8506126;-25,66;122,03;8,01;3;10;0,8;2,8;3,11;2,67;-3,26;-0,07;-0,51;179,41;66,92
1520;13,8;-1,58;-0,48;10,40;-0,61;67,72;0;0;0;346,9;4,6778150;51,8506126;-25,66;122,03;8,01;3;10;0,8;2,8;3,11;2,67;-3,26;-0,13;-0,47;179,41;66,92
1530;13,8;-1,78;-0,63;9,55;-2,28;67,72;0;0;0;346,9;4,6778150;51,8506126;-25,66;122,03;8,01;3;10;0,8;2,8;3,11;2,67;-3,26;-1,02;-0,53;179,41;66,88
1540;13,8;-1,04;-0,42;9,04;-1,31;67,72;0;0;0;346,9;4,6778150;51,8506126;-25,66;122,03;8,01;3;10;0,8;2,8;3,11;2,67;-3,29;-1,22;-0,60;179,41;66,83
1550;13,8;-0,62;0,00;9,44;-0,42;67,72;0;0;0;346,9;4,6778150;51,8506126;-25,66;122,03;8,01;3;10;0,8;2,8;3,11;2,67;-3,31;-0,47;-0,58;179,41;66,81
1560;13,9;-0,89;-0,10;9,61;-0,81;67,72;0;0;0;346,9;4,6778150;51,8506126;-25,66;122,03;8,01;3;10;0,8;2,8;3,11;2,67;-3,31;-0,05;-0,53;179,41;66,81
1570;13,9;-1,52;-1,01;9,47;-0,19;67,72;0;0;0;346,9;4,6778150;51,8506126;-25,66;122,03;8,01;3;10;0,8;2,8;3,11;2,67;-3,32;-0,33;-0,51;179,41;66,80
1580;13,9;-1,99;-1,59;9,57;-2,23;67,72;0;0;0;346,9;4,6778150;51,8506126;-25,66;122,03;8,01;3;10;0,8;2,8;3,11;2,67;-3,33;-0,95;-0,55;179,41;66,77
1590;13,9;-0,39;-0,62;9,61;-1,41;67,36;0;0;0;346,9;4,6778030;51,8506432;-26,48;125,84;8,01;3;10;0,8;2,8;3,11;2,67;-3,35;-1,42;-0,64;179,41;66,72
1600;13,8;-0,28;-0,67;9,76;0,16;67,36;0;0;0;346,9;4,6778030;51,8506432;-26,48;125,84;8,01;3;10;0,8;2,8;3,11;2,67;-3,37;0,19;-0,56;179,45;66,73
1610;13,8;-1,69;0,03;9,80;-0,96;67,36;0;0;0;346,9;4,6778030;51,8506432;-26,48;125,84;8,01;3;10;0,8;2,8;3,11;2,67;-3,37;0,30;-0,47;179,45;66,74
1620;13,9;-1,65;-0,35;9,82;-0,34;67,36;0;0;0;346,9;4,6778030;51,8506432;-26,48;125,84;8,01;3;10;0,8;2,8;3,11;2,67;-3,39;-1,11;-0,54;179,45;66,70
1630;13,9;-1,65;-0,28;9,81;-1,09;67,36;0;0;0;346,9;4,6778030;51,8506432;-26,48;125,84;8,01;3;10;0,8;2,8;3,11;2,67;-3,39;-1,07;-0,59;179,45;66,66
1640;13,9;-0,85;-0,91;9,84;0,45;67,36;0;0;0;346,9;4,6778030;51,8506432;-26,48;125,84;8,01;3;10;0,8;2,8;3,11;2,67;-3,41;-1,07;-0,64;179,45;66,62
1650;13,8;-0,64;-0,85;9,50;0,21;67,36;0;0;0;346,9;4,6778030;51,8506432;-26,48;125,84;8,01;3;10;0,8;2,8;3,11;2,67;-3,40;-0,26;-0,60;179,45;66,61
1660;13,8;-1,45;-0,52;9,40;-0,48;67,36;0;0;0;346,9;4,6778030;51,8506432;-26,48;125,84;8,01;3;10;0,8;2,8;3,11;2,67;-3,40;-0,05;-0,55;179,45;66,61
1670;13,8;-1,67;-0,33;10,25;-0,44;67,36;0;0;0;346,9;4,6778030;51,8506432;-26,48;125,84;8,01;3;10;0,8;2,8;3,11;2,67;-3,41;-0,87;-0,58;179,45;66,58
1680;13,9;-1,23;-0,82;9,90;-0,18;67,36;0;0;0;346,9;4,6778030;51,8506432;-26,48;125,84;8,01;3;10;0,8;2,8;3,11;2,67;-3,42;-1,09;-0,63;179,45;66,54
1690;13,9;-1,19;-0,03;9,57;0,02;67,36;0;0;0;346,9;4,6778030;51,8506432;-26,48;125,84;8,01;3;10;0,8;2,8;3,11;2,67;-3,43;-0,65;-0,63;179,45;66,52
1700;13,9;-1,46;-0,27;9,90;0,44;67,36;0;0;0;346,9;4,6778030;51,8506432;-26,48;125,84;8,01;3;10;0,8;2,8;3,11;2,67;-3,43;-0,61;-0,63;179,45;66,49
1710;13,8;-1,23;-0,40;9,87;0,75;67,36;0;0;0;346,9;4,6778030;51,8506432;-26,48;125,84;8,01;3;10;0,8;2,8;3,11;2,67;-3,43;-0,88;-0,65;179,45;66,46
1720;13,8;-1,32;-0,62;9,42;1,09;67,36;0;0;0;346,9;4,6778030;51,8506432;-26,48;125,84;8,01;3;10;0,8;2,8;3,11;2,67;-3,42;-0,65;-0,65;179,45;66,44
1730;13,9;-1,44;-0,78;9,34;0,52;67,36;0;0;0;346,9;4,6778030;51,8506432;-26,48;125,84;8,01;3;10;0,8;2,8;3,11;2,67;-3,41;-0,73;-0,66;179,45;66,41
1740;13,9;-1,19;-0,47;10,08;0,38;67,36;0;0;0;346,9;4,6778030;51,8506432;-26,48;125,84;8,01;3;10;0,8;2,8;3,11;2,67;-3,41;-0,86;-0,68;179,45;66,38
1750;13,9;-1,31;-0,63;9,92;0,78;67,36;0;0;0;346,9;4,6778030;51,8506432;-26,48;125,84;8,01;3;10;0,8;2,8;3,11;2,67;-3,41;-0,61;-0,67;179,45;66,36
1760;13,9;-0,96;-0,93;10,41;1,71;67,36;0;0;0;346,9;4,6778030;51,8506432;-26,48;125,84;8,01;3;10;0,8;2,8;3,11;2,67;-3,41;-0,72;-0,68;179,45;66,33
1770;13,8;-1,29;-0,85;9,55;-0,25;67,36;0;0;0;346,9;4,6778030;51,8506432;-26,48;125,84;8,01;3;10;0,8;2,8;3,11;2,67;-3,39;-0,38;-0,65;179,45;66,32
1780;13,8;-1,58;-0,16;9,40;1,72;67,00;0;0;0;346,9;4,6777906;51,8506775;-27,33;129,64;8,01;3;10;0,8;2,8;3,11;2,67;-3,40;-0,71;-0,65;179,45;66,30
1790;13,9;-0,86;-0,40;9,54;1,76;67,00;0;0;0;346,9;4,6777906;51,8506775;-27,33;129,64;8,01;3;10;0,8;2,8;3,11;2,67;-3,39;-1,00;-0,69;179,44;66,26
1800;13,9;-1,61;-0,45;9,55;-0,33;67,00;0;0;0;346,9;4,6777906;51,8506775;-27,33;129,64;8,01;3;10;0,8;2,8;3,11;2,67;-3,37;-0,28;-0,65;179,44;66,25
1810;13,9;-0,83;-0,48;9,52;1,69;67,00;0;0;0;346,9;4,6777906;51,8506775;-27,33;129,64;8,01;3;10;0,8;2,8;3,11;2,67;-3,38;-1,04;-0,69;179,44;66,22
1820;13,8;-1,54;0,01;9,88;0,74;67,00;0;0;0;346,9;4,6777906;51,8506775;-27,33;129,64;8,01;3;10;0,8;2,8;3,11;2,67;-3,36;-0,25;-0,64;179,44;66,21
1830;13,8;-1,53;-0,14;10,11;0,24;67,00;0;0;0;346,9;4,6777906;51,8506775;-27,33;129,64;8,01;3;10;0,8;2,8;3,11;2,67;-3,36;-0,96;-0,68;179,44;66,18
1840;13,8;-0,64;-0,53;10,21;1,58;67,00;0;0;0;346,9;4,6777906;51,8506775;-27,33;129,64;8,01;3;10;0,8;2,8;3,11;2,67;-3,36;-0,95;-0,70;179,44;66,15
1850;13,9;-1,18;-0,21;10,01;0,83;67,00;0;0;0;346,9;4,6777906;51,8506775;-27,33;129,64;8,01;3;10;0,8;2,8;3,11;2,67;-3,35;-0,07;-0,64;179,44;66,15
1860;13,9;-1,73;-0,62;9,20;0,19;67,00;0;0;0;346,9;4,6777906;51,8506775;-27,33;129,64;8,01;3;10;0,8;2,8;3,11;2,67;-3,34;-0,61;-0,64;179,44;66,12
1870;13,9;-0,74;-0,42;9,02;0,47;67,00;0;0;0;346,9;4,6777906;51,8506775;-27,33;129,64;8,01;3;10;0,8;2,8;3,11;2,67;-3,34;-1,16;-0,69;179,44;66,08
1880;13,8;-0,35;-0,96;9,22;0,61;67,00;0;0;0;346,9;4,6777906;51,8506775;-27,33;129,64;8,01;3;10;0,8;2,8;3,11;2,67;-3,34;-0,17;-0,64;179,44;66,08
1890;13,8;-1,10;-0,17;9,69;0,22;67,00;0;0;0;346,9;4,6777906;51,8506775;-27,33;129,64;8,01;3;10;0,8;2,8;3,11;2,67;-3,34;0,22;-0,55;179,44;66,09
1900;13,9;-1,32;0,02;10,11;0,96;67,00;0;0;0;346,9;4,6777906;51,8506775;-27,33;129,64;8,01;3;10;0,8;2,8;3,11;2,67;-3,34;-0,52;-0,55;179,44;66,07
1910;13,9;-1,66;-0,81;10,08;0,34;67,00;0;0;0;346,9;4,6777906;51,8506775;-27,33;129,64;8,01;3;10;0,8;2,8;3,11;2,67;-3,34;-0,75;-0,57;179,44;66,04
1920;13,8;-1,65;-0,79;9,70;-0,48;67,00;0;0;0;346,9;4,6777906;51,8506775;-27,33;129,64;8,01;3;10;0,8;2,8;3,11;2,67;-3,34;-1,09;-0,62;179,44;66,00
1930;13,8;-0,94;-0,03;10,22;0,67;67,00;0;0;0;346,9;4,6777906;51,8506775;-27,33;129,64;8,01;3;10;0,8;2,8;3,11;2,67;-3,34;-1,08;-0,67;179,44;65,96
1940;13,8;-0,83;0,29;8,99;0,37;67,00;0;0;0;346,9;4,6777906;51,8506775;-27,33;129,64;8,01;3;10;0,8;2,8;3,11;2,67;-3,34;-0,37;-0,64;179,44;65,95
1950;13,8;-1,12;-0,16;8,77;0,75;67,00;0;0;0;346,9;4,6777906;51,8506775;-27,33;129,64;8,01;3;10;0,8;2,8;3,11;2,67;-3,34;-0,26;-0,60;179,44;65,94
1960;13,8;-1,21;-0,63;9,54;-0,52;67,00;0;0;0;346,9;4,6777906;51,8506775;-27,33;129,64;8,01;3;10;0,8;2,8;3,11;2,67;-3,34;-0,55;-0,59;179,44;65,92
1970;13,8;-0,79;-0,57;9,71;-0,29;67,00;0;0;0;346,9;4,6777906;51,8506775;-27,33;129,64;8,01;3;10;0,8;2,8;3,11;2,67;-3,34;-0,64;-0,60;179,44;65,90
1980;13,8;-1,18;-0,45;9,70;1,63;67,00;0;0;0;346,9;4,6777787;51,8507118;-28,15;133,06;8,01;3;10;0,8;2,8;3,11;2,67;-3,35;-0,22;-0,56;179,44;65,90
1990;13,8;-1,88;-0,49;9,95;-1,20;66,53;0;0;0;346,9;4,6777787;51,8507118;-28,15;133,06;8,00;3;10;0,8;2,8;3,11;2,67;-3,34;-0,61;-0,57;179,44;65,88
2000;13,8;-0,41;0,10;9,55;-0,41;66,53;0;0;0;346,9;4,6777787;51,8507118;-28,15;133,06;8,00;3;10;0,8;2,8;3,11;2,67;-3,35;-1,31;-0,64;179,43;65,83
2010;13,8;-0,67;-0,21;9,42;-0,30;66,53;0;0;0;346,9;4,6777787;51,8507118;-28,15;133,06;8,00;3;10;0,8;2,8;3,11;2,67;-3,36;0,16;-0,56;179,43;65,84
2020;13,8;-1,73;-0,80;9,31;-0,19;66,53;0;0;0;346,9;4,6777787;51,8507118;-28,15;133,06;8,00;3;10;0,8;2,8;3,11;2,67;-3,36;-0,10;-0,51;179,43;65,84
2030;13,8;-1,35;-0,75;9,14;-1,05;66,53;0;0;0;346,9;4,6777787;51,8507118;-28,15;133,06;8,00;3;10;0,8;2,8;3,11;2,67;-3,37;-1,15;-0,58;179,43;65,80
2040;13,8;-1,05;-0,87;9,54;0,59;66,53;0;0;0;346,9;4,6777787;51,8507118;-28,15;133,06;8,00;3;10;0,8;2,8;3,11;2,67;-3,38;-0,78;-0,60;179,43;65,77
2050;13,8;-1,15;0,00;10,10;-0,49;66,53;0;0;0;346,9;4,6777787;51,8507118;-28,15;133,06;8,00;3;10;0,8;2,8;3,11;2,67;-3,38;-0,47;-0,59;179,43;65,76
2060;13,8;-1,44;-0,07;10,19;-1,24;66,53;0;0;0;346,9;4,6777787;51,8507118;-28,15;133,06;8,00;3;10;0,8;2,8;3,11;2,67;-3,39;-0,57;-0,58;179,43;65,74
2070;13,9;-0,44;-0,87;9,55;0,47;66,53;0;0;0;346,9;4,6777787;51,8507118;-28,15;133,06;8,00;3;10;0,8;2,8;3,11;2,67;-3,40;-0,86;-0,61;179,43;65,71
2080;13,8;-1,15;-0,34;9,48;-0,12;66,53;0;0;0;346,9;4,6777787;51,8507118;-28,15;133,06;8,00;3;10;0,8;2,8;3,11;2,67;-3,40;0,14;-0,54;179,43;65,71
2090;13,8;-1,50;-0,05;9,70;-0,68;66,53;0;0;0;346,9;4,6777787;51,8507118;-28,15;133,06;8,00;3;10;0,8;2,8;3,11;2,67;-3,41;-0,57;-0,54;179,43;65,69
2100;13,8;-1,16;-0,16;9,45;-0,33;66,53;0;0;0;346,9;4,6777787;51,8507118;-28,15;133,06;8,00;3;10;0,8;2,8;3,11;2,67;-3,42;-0,92;-0,58;179,43;65,66
2110;13,8;-1,39;-0,53;9,74;-0,64;66,53;0;0;0;346,9;4,6777787;51,8507118;-28,15;133,06;8,00;3;10;0,8;2,8;3,11;2,67;-3,42;-0,58;-0,58;179,43;65,64
2120;13,9;-1,02;-0,40;9,91;0,37;66,53;0;0;0;346,9;4,6777787;51,8507118;-28,15;133,06;8,00;3;10;0,8;2,8;3,11;2,67;-3,43;-0,81;-0,60;179,43;65,61
2130;13,9;-1,30;-0,08;10,21;-0,47;66,53;0;0;0;346,9;4,6777787;51,8507118;-28,15;133,06;8,00;3;10;0,8;2,8;3,11;2,67;-3,43;-0,43;-0,58;179,43;65,59
2140;13,8;-1,18;-0,36;9,58;-0,16;66,53;0;0;0;346,9;4,6777787;51,8507118;-28,15;133,06;8,00;3;10;0,8;2,8;3,11;2,67;-3,44;-0,71;-0,60;179,43;65,57
2150;13,8;-1,83;-0,61;9,87;-1,07;66,53;0;0;0;346,9;4,6777787;51,8507118;-28,15;133,06;8,00;3;10;0,8;2,8;3,11;2,67;-3,44;-0,59;-0,60;179,43;65,55
2160;13,8;-1,06;0,26;9,79;0,15;66,53;0;0;0;346,9;4,6777787;51,8507118;-28,15;133,06;8,00;3;10;0,8;2,8;3,11;2,67;-3,46;-1,24;-0,66;179,43;65,50
2170;13,8;-0,78;0,03;9,74;0,18;66,53;0;0;0;346,9;4,6777787;51,8507118;-28,15;133,06;8,00;3;10;0,8;2,8;3,11;2,67;-3,46;-0,47;-0,64;179,43;65,49
2180;13,9;-1,13;-0,38;9,55;0,23;66,53;0;0;0;346,9;4,6777787;51,8507118;-28,15;133,06;8,00;3;10;0,8;2,8;3,11;2,67;-3,46;-0,19;-0,60;179,43;65,48
2190;13,8;-1,07;-0,46;9,44;0,27;66,10;0;0;0;346,8;4,6777673;51,8507423;-28,94;136,86;8,00;3;10;0,8;2,8;3,11;2,67;-3,46;-0,54;-0,59;179,43;65,47
2200;13,8;-1,53;-0,66;9,30;0,00;66,10;0;0;0;346,8;4,6777673;51,8507423;-28,94;136,86;8,00;3;10;0,8;2,8;3,11;2,67;-3,46;-0,48;-0,58;179,38;65,45
2210;13,8;-1,07;-0,08;9,89;1,08;66,10;0;0;0;346,8;4,6777673;51,8507423;-28,94;136,86;8,00;3;10;0,8;2,8;3,11;2,67;-3,47;-0,94;-0,61;179,38;65,42
2220;13,8;-1,37;-0,42;10,35;0,38;66,10;0;0;0;346,8;4,6777673;51,8507423;-28,94;136,86;8,00;3;10;0,8;2,8;3,11;2,67;-3,46;-0,48;-0,60;179,38;65,41
2230;13,9;-1,00;-0,58;9,47;0,12;66,10;0;0;0;346,8;4,6777673;51,8507423;-28,94;136,86;8,00;3;10;0,8;2,8;3,11;2,67;-3,46;-0,78;-0,62;179,38;65,38
2240;13,9;-1,14;-0,53;10,04;1,01;66,10;0;0;0;346,8;4,6777673;51,8507423;-28,94;136,86;8,00;3;10;0,8;2,8;3,11;2,67;-3,46;-0,41;-0,60;179,38;65,37
2250;13,8;-1,19;-0,35;10,07;-0,37;66,10;0;0;0;346,8;4,6777673;51,8507423;-28,94;136,86;8,00;3;10;0,8;2,8;3,11;2,67;-3,45;-0,55;-0,59;179,38;65,35
2260;13,8;-0,68;-0,36;9,42;0,31;66,10;0;0;0;346,8;4,6777673;51,8507423;-28,94;136,86;8,00;3;10;0,8;2,8;3,11;2,67;-3,46;-0,60;-0,59;179,38;65,33
2270;13,8;-1,31;-0,33;9,94;0,19;66,10;0;0;0;346,8;4,6777673;51,8507423;-28,94;136,86;8,00;3;10;0,8;2,8;3,11;2,67;-3,46;-0,09;-0,54;179,38;65,32
2280;13,9;-1,53;0,41;9,67;-0,08;66,10;0;0;0;346,8;4,6777673;51,8507423;-28,94;136,86;8,00;3;10;0,8;2,8;3,11;2,67;-3,46;-0,72;-0,56;179,38;65,30
2290;13,9;-1,22;0,39;9,82;0,55;66,10;0;0;0;346,8;4,6777673;51,8507423;-28,94;136,86;8,00;3;10;0,8;2,8;3,11;2,67;-3,47;-0,94;-0,60;179,38;65,27
2300;13,9;-0,91;-0,30;9,32;0,72;66,10;0;0;0;346,8;4,6777673;51,8507423;-28,94;136,86;8,00;3;10;0,8;2,8;3,11;2,67;-3,46;-0,63;-0,60;179,38;65,24
2310;13,8;-1,02;-0,70;9,82;1,11;66,10;0;0;0;346,8;4,6777673;51,8507423;-28,94;136,86;8,00;3;10;0,8;2,8;3,11;2,67;-3,46;-0,32;-0,57;179,38;65,23
2320;13,8;-1,46;-0,38;10,74;0,31;66,10;0;0;0;346,8;4,6777673;51,8507423;-28,94;136,86;8,00;3;10;0,8;2,8;3,11;2,67;-3,45;-0,43;-0,56;179,38;65,22
2330;13,9;-1,29;0,21;10,02;0,15;66,10;0;0;0;346,8;4,6777673;51,8507423;-28,94;136,86;8,00;3;10;0,8;2,8;3,11;2,67;-3,45;-0,87;-0,59;179,38;65,19
2340;13,9;-1,34;-0,62;9,79;0,55;66,10;0;0;0;346,8;4,6777673;51,8507423;-28,94;136,86;8,00;3;10;0,8;2,8;3,11;2,67;-3,45;-0,70;-0,60;179,38;65,16
2350;13,9;-0,98;-0,54;9,11;0,52;66,10;0;0;0;346,8;4,6777673;51,8507423;-28,94;136,86;8,00;3;10;0,8;2,8;3,11;2,67;-3,45;-0,76;-0,62;179,38;65,14
2360;13,9;-0,89;-0,51;9,08;0,12;66,10;0;0;0;346,8;4,6777673;51,8507423;-28,94;136,86;8,00;3;10;0,8;2,8;3,11;2,67;-3,45;-0,39;-0,59;179,38;65,12
2370;13,8;-1,19;0,18;9,65;1,46;66,10;0;0;0;346,8;4,6777673;51,8507423;-28,94;136,86;8,00;3;10;0,8;2,8;3,11;2,67;-3,45;-0,30;-0,57;179,38;65,11
2380;13,9;-1,60;0,22;9,53;0,30;66,10;0;0;0;346,8;4,6777549;51,8507767;-29,80;140,28;8,00;3;10;0,8;2,8;3,11;2,67;-3,44;-0,60;-0,57;179,38;65,09
2390;13,9;-1,12;0,05;9,57;0,33;65,66;0;0;0;346,9;4,6777549;51,8507767;-29,80;140,28;7,98;3;10;0,8;2,8;3,11;2,67;-3,44;-1,02;-0,61;179,38;65,06
2400;13,9;-0,97;-0,22;9,98;0,78;65,66;0;0;0;346,9;4,6777549;51,8507767;-29,80;140,28;7,98;3;10;0,8;2,8;3,11;2,67;-3,44;-0,54;-0,61;179,42;65,04
2410;13,8;-1,04;-0,29;9,79;0,52;65,66;0;0;0;346,9;4,6777549;51,8507767;-29,80;140,28;7,98;3;10;0,8;2,8;3,11;2,67;-3,44;-0,38;-0,58;179,42;65,03
2420;13,8;-1,20;-0,41;10,16;-0,20;65,66;0;0;0;346,9;4,6777549;51,8507767;-29,80;140,28;7,98;3;10;0,8;2,8;3,11;2,67;-3,44;-0,45;-0,57;179,42;65,02
2430;13,9;-1,02;-0,29;9,40;0,33;65,66;0;0;0;346,9;4,6777549;51,8507767;-29,80;140,28;7,98;3;10;0,8;2,8;3,11;2,67;-3,44;-0,61;-0,57;179,42;65,00
2440;13,9;-1,05;-0,02;9,33;-0,09;65,66;0;0;0;346,9;4,6777549;51,8507767;-29,80;140,28;7,98;3;10;0,8;2,8;3,11;2,67;-3,44;-0,43;-0,56;179,42;64,98
2450;13,9;-0,94;0,11;9,20;-0,02;65,66;0;0;0;346,9;4,6777549;51,8507767;-29,80;140,28;7,98;3;10;0,8;2,8;3,11;2,67;-3,45;-0,46;-0,55;179,42;64,97
2460;13,9;-1,11;-0,66;9,08;0,38;65,66;0;0;0;346,9;4,6777549;51,8507767;-29,80;140,28;7,98;3;10;0,8;2,8;3,11;2,67;-3,45;-0,35;-0,53;179,42;64,96
2470;13,8;-1,47;-0,21;10,01;-0,75;65,66;0;0;0;346,9;4,6777549;51,8507767;-29,80;140,28;7,98;3;10;0,8;2,8;3,11;2,67;-3,45;-0,52;-0,53;179,42;64,94
2480;13,8;-0,77;0,50;9,48;-0,17;65,66;0;0;0;346,9;4,6777549;51,8507767;-29,80;140,28;7,98;3;10;0,8;2,8;3,11;2,67;-3,46;-0,88;-0,56;179,42;64,91
2490;13,9;-0,99;0,28;10,06;-0,13;65,66;0;0;0;346,9;4,6777549;51,8507767;-29,80;140,28;7,98;3;10;0,8;2,8;3,11;2,67;-3,47;-0,18;-0,53;179,42;64,90
2500;13,9;-1,03;-0,82;9,13;-0,68;65,66;0;0;0;346,9;4,6777549;51,8507767;-29,80;140,28;7,98;3;10;0,8;2,8;3,11;2,67;-3,47;-0,40;-0,51;179,42;64,89
2510;13,9;-0,99;-0,85;9,54;0,40;65,66;0;0;0;346,9;4,6777549;51,8507767;-29,80;140,28;7,98;3;10;0,8;2,8;3,11;2,67;-3,48;-0,43;-0,50;179,42;64,87
2520;13,8;-1,50;-0,59;9,14;-1,66;65,66;0;0;0;346,9;4,6777549;51,8507767;-29,80;140,28;7,98;3;10;0,8;2,8;3,11;2,67;-3,48;-0,40;-0,49;179,42;64,86
2530;13,8;-0,65;0,44;9,92;0,52;65,66;0;0;0;346,9;4,6777549;51,8507767;-29,80;140,28;7,98;3;10;0,8;2,8;3,11;2,67;-3,50;-0,90;-0,53;179,42;64,82
2540;13,9;-0,60;0,11;9,52;-1,15;65,66;0;0;0;346,9;4,6777549;51,8507767;-29,80;140,28;7,98;3;10;0,8;2,8;3,11;2,67;-3,50;-0,06;-0,49;179,42;64,82
2550;13,9;-1,05;-0,78;9,12;-0,59;65,66;0;0;0;346,9;4,6777549;51,8507767;-29,80;140,28;7,98;3;10;0,8;2,8;3,11;2,67;-3,52;0,00;-0,44;179,42;64,82
2560;13,9;-0,82;-0,61;9,20;-0,19;65,66;0;0;0;346,9;4,6777549;51,8507767;-29,80;140,28;7,98;3;10;0,8;2,8;3,11;2,67;-3,52;-0,45;-0,44;179,42;64,81
2570;13,8;-1,71;0,18;10,20;-1,01;65,66;0;0;0;346,9;4,6777549;51,8507767;-29,80;140,28;7,98;3;10;0,8;2,8;3,11;2,67;-3,53;-0,21;-0,42;179,42;64,80
2580;13,8;-1,18;0,33;9,57;-0,01;65,66;0;0;0;346,9;4,6777549;51,8507767;-29,80;140,28;7,98;3;10;0,8;2,8;3,11;2,67;-3,54;-1,10;-0,48;179,42;64,76
2590;13,9;-1,17;-0,36;9,14;-0,54;65,30;0;0;0;346,9;4,6777434;51,8508072;-30,59;143,70;7,96;3;10;0,8;2,8;3,11;2,67;-3,55;-0,58;-0,49;179,42;64,74
2600;13,9;-1,29;-0,56;9,04;-0,75;65,30;0;0;0;346,9;4,6777434;51,8508072;-30,59;143,70;7,96;3;10;0,8;2,8;3,11;2,67;-3,56;-0,57;-0,50;179,41;64,73
2610;13,9;-0,93;-0,80;9,53;-0,13;65,30;0;0;0;346,9;4,6777434;51,8508072;-30,59;143,70;7,96;3;10;0,8;2,8;3,11;2,67;-3,57;-0,68;-0,52;179,41;64,70
2620;13,8;-1,21;-0,43;9,74;-1,42;65,30;0;0;0;346,9;4,6777434;51,8508072;-30,59;143,70;7,96;3;10;0,8;2,8;3,11;2,67;-3,57;-0,32;-0,50;179,41;64,69
2630;13,8;-0,68;-0,29;9,57;-0,72;65,30;0;0;0;346,9;4,6777434;51,8508072;-30,59;143,70;7,96;3;10;0,8;2,8;3,11;2,67;-3,59;-0,60;-0,51;179,41;64,67
2640;13,8;-1,12;-0,36;9,47;-0,89;65,30;0;0;0;346,9;4,6777434;51,8508072;-30,59;143,70;7,96;3;10;0,8;2,8;3,11;2,67;-3,60;-0,07;-0,46;179,41;64,67
2650;13,9;-1,11;-0,34;9,50;-0,61;65,30;0;0;0;346,9;4,6777434;51,8508072;-30,59;143,70;7,96;3;10;0,8;2,8;3,11;2,67;-3,61;-0,51;-0,47;179,41;64,66
2660;13,8;-1,11;-0,76;9,53;-1,44;65,30;0;0;0;346,9;4,6777434;51,8508072;-30,59;143,70;7,96;3;10;0,8;2,8;3,11;2,67;-3,62;-0,49;-0,47;179,41;64,64
2670;13,8;-1,38;-0,35;9,21;-1,32;65,30;0;0;0;346,9;4,6777434;51,8508072;-30,59;143,70;7,96;3;10;0,8;2,8;3,11;2,67;-3,64;-0,48;-0,47;179,41;64,62
2680;13,8;-0,92;-0,24;9,15;-0,85;65,30;0;0;0;346,9;4,6777434;51,8508072;-30,59;143,70;7,96;3;10;0,8;2,8;3,11;2,67;-3,65;-0,76;-0,50;179,41;64,59
2690;13,8;-1,07;0,19;9,67;-0,54;65,30;0;0;0;346,9;4,6777434;51,8508072;-30,59;143,70;7,96;3;10;0,8;2,8;3,11;2,67;-3,67;-0,30;-0,48;179,41;64,58
2700;13,8;-1,09;-0,23;9,94;-0,71;65,30;0;0;0;346,9;4,6777434;51,8508072;-30,59;143,70;7,96;3;10;0,8;2,8;3,11;2,67;-3,67;-0,44;-0,48;179,41;64,57
2710;13,8;-1,64;-1,01;9,64;-2,03;65,30;0;0;0;346,9;4,6777434;51,8508072;-30,59;143,70;7,96;3;10;0,8;2,8;3,11;2,67;-3,68;-0,46;-0,47;179,41;64,55
2720;13,8;-1,24;-0,70;9,47;-1,32;65,30;0;0;0;346,9;4,6777434;51,8508072;-30,59;143,70;7,96;3;10;0,8;2,8;3,11;2,67;-3,71;-1,01;-0,53;179,41;64,52
2730;13,8;-1,02;-0,02;10,11;-0,57;65,30;0;0;0;346,9;4,6777434;51,8508072;-30,59;143,70;7,96;3;10;0,8;2,8;3,11;2,67;-3,72;-0,60;-0,54;179,41;64,50
2740;13,9;-1,23;-0,09;9,76;-0,84;65,30;0;0;0;346,9;4,6777434;51,8508072;-30,59;143,70;7,96;3;10;0,8;2,8;3,11;2,67;-3,73;-0,38;-0,52;179,41;64,48
2750;13,9;-1,15;-1,19;9,37;0,01;65,30;0;0;0;346,9;4,6777434;51,8508072;-30,59;143,70;7,96;3;10;0,8;2,8;3,11;2,67;-3,74;-0,59;-0,53;179,41;64,46
2760;13,8;-1,50;-0,62;9,35;-0,99;65,30;0;0;0;346,9;4,6777434;51,8508072;-30,59;143,70;7,96;3;10;0,8;2,8;3,11;2,67;-3,75;-0,51;-0,53;179,41;64,45
2770;13,8;-1,08;-0,43;9,11;-0,11;65,30;0;0;0;346,9;4,6777434;51,8508072;-30,59;143,70;7,96;3;10;0,8;2,8;3,11;2,67;-3,76;-0,86;-0,56;179,41;64,42
2780;13,8;-1,60;0,24;9,84;-0,43;65,30;0;0;0;346,9;4,6777434;51,8508072;-30,59;143,70;7,96;3;10;0,8;2,8;3,11;2,67;-3,77;-0,43;-0,55;179,41;64,40
2790;13,9;-1,35;-0,01;9,83;0,39;65,30;0;0;0;346,9;4,6777315;51,8508377;-31,38;147,50;7,96;3;10;0,8;2,8;3,11;2,67;-3,77;-0,96;-0,59;179,41;64,37
2800;13,8;-1,58;-0,84;9,71;-0,22;64,98;0;0;0;347,1;4,6777315;51,8508377;-31,38;147,50;7,95;3;10;0,8;2,8;3,11;2,67;-3,77;-0,71;-0,60;179,63;64,35
2810;13,8;-1,73;-0,90;9,66;-0,23;64,98;0;0;0;347,1;4,6777315;51,8508377;-31,38;147,50;7,95;3;10;0,8;2,8;3,11;2,67;-3,78;-0,93;-0,63;179,63;64,32
2820;13,8;-0,88;-0,29;9,75;1,04;64,98;0;0;0;347,1;4,6777315;51,8508377;-31,38;147,50;7,95;3;10;0,8;2,8;3,11;2,67;-3,78;-1,08;-0,68;179,63;64,28
2830;13,8;-0,96;-0,18;9,82;0,29;64,98;0;0;0;347,1;4,6777315;51,8508377;-31,38;147,50;7,95;3;10;0,8;2,8;3,11;2,67;-3,78;-0,23;-0,63;179,63;64,27
2840;13,8;-1,32;0,11;9,28;-0,22;64,98;0;0;0;347,1;4,6777315;51,8508377;-31,38;147,50;7,95;3;10;0,8;2,8;3,11;2,67;-3,78;-0,32;-0,60;179,63;64,26
2850;13,8;-1,09;-0,45;9,66;0,97;64,98;0;0;0;347,1;4,6777315;51,8508377;-31,38;147,50;7,95;3;10;0,8;2,8;3,11;2,67;-3,78;-0,67;-0,61;179,63;64,24
2860;13,8;-1,18;0,14;9,20;0,25;64,98;0;0;0;347,1;4,6777315;51,8508377;-31,38;147,50;7,95;3;10;0,8;2,8;3,11;2,67;-3,78;-0,44;-0,59;179,63;64,23
2870;13,8;-1,34;-0,07;9,51;0,00;64,98;0;0;0;347,1;4,6777315;51,8508377;-31,38;147,50;7,95;3;10;0,8;2,8;3,11;2,67;-3,78;-0,54;-0,59;179,63;64,21
2880;13,8;-0,98;-0,45;9,85;1,43;64,98;0;0;0;347,1;4,6777315;51,8508377;-31,38;147,50;7,95;3;10;0,8;2,8;3,11;2,67;-3,78;-0,70;-0,60;179,63;64,18
2890;13,9;-1,23;-0,05;9,41;0,26;64,98;0;0;0;347,1;4,6777315;51,8508377;-31,38;147,50;7,95;3;10;0,8;2,8;3,11;2,67;-3,77;-0,34;-0,57;179,63;64,17
2900;13,9;-1,20;-0,49;9,95;0,89;64,98;0;0;0;347,1;4,6777315;51,8508377;-31,38;147,50;7,95;3;10;0,8;2,8;3,11;2,67;-3,77;-0,59;-0,57;179,63;64,15
2910;13,8;-1,55;-0,79;9,75;-0,50;64,98;0;0;0;347,1;4,6777315;51,8508377;-31,38;147,50;7,95;3;10;0,8;2,8;3,11;2,67;-3,76;-0,56;-0,57;179,63;64,13
2920;13,8;-1,34;-0,56;9,53;0,98;64,98;0;0;0;347,1;4,6777315;51,8508377;-31,38;147,50;7,95;3;10;0,8;2,8;3,11;2,67;-3,77;-0,90;-0,60;179,63;64,10
2930;13,8;-0,61;-0,67;9,63;1,14;64,98;0;0;0;347,1;4,6777315;51,8508377;-31,38;147,50;7,95;3;10;0,8;2,8;3,11;2,67;-3,77;-0,70;-0,61;179,63;64,08
2940;13,8;-1,39;0,01;9,91;-0,19;64,98;0;0;0;347,1;4,6777315;51,8508377;-31,38;147,50;7,95;3;10;0,8;2,8;3,11;2,67;-3,76;0,04;-0,55;179,63;64,08
2950;13,8;-1,16;-0,07;9,85;0,91;64,98;0;0;0;347,1;4,6777315;51,8508377;-31,38;147,50;7,95;3;10;0,8;2,8;3,11;2,67;-3,76;-0,75;-0,57;179,63;64,05
2960;13,8;-1,49;-0,68;9,70;0,52;64,98;0;0;0;347,1;4,6777315;51,8508377;-31,38;147,50;7,95;3;10;0,8;2,8;3,11;2,67;-3,76;-0,52;-0,56;179,63;64,04
2970;13,8;-1,30;-0,37;9,41;0,61;64,98;0;0;0;347,1;4,6777315;51,8508377;-31,38;147,50;7,95;3;10;0,8;2,8;3,11;2,67;-3,75;-0,85;-0,59;179,63;64,01
2980;13,8;-1,13;0,17;9,75;0,93;64,98;0;0;0;347,1;4,6777205;51,8508720;-32,14;150,93;7,95;3;10;0,8;2,8;3,11;2,67;-3,75;-0,66;-0,60;179,63;63,99
2990;13,9;-1,33;-0,06;9,80;1,25;64,62;0;0;0;347,2;4,6777205;51,8508720;-32,14;150,93;7,95;3;10;0,8;2,8;3,11;2,67;-3,75;-0,49;-0,59;179,63;63,97
3000;13,9;-1,50;-0,19;10,28;0,77;64,62;0;0;0;347,2;4,6777205;51,8508720;-32,14;150,93;7,95;3;10;0,8;2,8;3,11;2,67;-3,74;-0,69;-0,60;179,71;63,95
3010;13,9;-1,11;-0,88;9,94;0,84;64,62;0;0;0;347,2;4,6777205;51,8508720;-32,14;150,93;7,95;3;10;0,8;2,8;3,11;2,67;-3,73;-0,86;-0,63;179,71;63,92
3020;13,8;-1,06;-0,69;10,06;0,58;64,62;0;0;0;347,2;4,6777205;51,8508720;-32,14;150,93;7,95;3;10;0,8;2,8;3,11;2,67;-3,73;-0,47;-0,61;179,71;63,91
3030;13,9;-1,20;0,11;10,21;0,80;64,62;0;0;0;347,2;4,6777205;51,8508720;-32,14;150,93;7,95;3;10;0,8;2,8;3,11;2,67;-3,72;-0,42;-0,59;179,71;63,89
3040;13,9;-1,30;0,14;10,13;1,08;64,62;0;0;0;347,2;4,6777205;51,8508720;-32,14;150,93;7,95;3;10;0,8;2,8;3,11;2,67;-3,72;-0,57;-0,59;179,71;63,87
3050;13,9;-1,26;-0,48;9,70;0,72;64,62;0;0;0;347,2;4,6777205;51,8508720;-32,14;150,93;7,95;3;10;0,8;2,8;3,11;2,67;-3,71;-0,66;-0,60;179,71;63,85
3060;13,9;-1,12;-0,63;9,24;1,24;64,62;0;0;0;347,2;4,6777205;51,8508720;-32,14;150,93;7,95;3;10;0,8;2,8;3,11;2,67;-3,71;-0,63;-0,60;179,71;63,83
3070;13,8;-1,20;0,44;9,93;1,13;64,62;0;0;0;347,2;4,6777205;51,8508720;-32,14;150,93;7,95;3;10;0,8;2,8;3,11;2,67;-3,70;-0,49;-0,59;179,71;63,81
3080;13,9;-1,21;0,61;10,11;0,60;64,62;0;0;0;347,2;4,6777205;51,8508720;-32,14;150,93;7,95;3;10;0,8;2,8;3,11;2,67;-3,69;-0,57;-0,59;179,71;63,79
3090;13,9;-1,16;0,24;10,40;0,84;64,62;0;0;0;347,2;4,6777205;51,8508720;-32,14;150,93;7,95;3;10;0,8;2,8;3,11;2,67;-3,69;-0,58;-0,59;179,71;63,77
3100;13,9;-1,08;-0,93;10,04;1,29;64,62;0;0;0;347,2;4,6777205;51,8508720;-32,14;150,93;7,95;3;10;0,8;2,8;3,11;2,67;-3,68;-0,53;-0,58;179,71;63,75
3110;13,8;-1,36;-0,80;9,58;0,46;64,62;0;0;0;347,2;4,6777205;51,8508720;-32,14;150,93;7,95;3;10;0,8;2,8;3,11;2,67;-3,67;-0,45;-0,57;179,71;63,74
3120;13,8;-0,91;0,29;10,16;0,84;64,62;0;0;0;347,2;4,6777205;51,8508720;-32,14;150,93;7,95;3;10;0,8;2,8;3,11;2,67;-3,67;-0,74;-0,58;179,71;63,71
3130;13,9;-0,92;0,17;9,77;0,61;64,62;0;0;0;347,2;4,6777205;51,8508720;-32,14;150,93;7,95;3;10;0,8;2,8;3,11;2,67;-3,67;-0,29;-0,55;179,71;63,70
3140;13,9;-0,97;-0,47;9,27;0,28;64,62;0;0;0;347,2;4,6777205;51,8508720;-32,14;150,93;7,95;3;10;0,8;2,8;3,11;2,67;-3,66;-0,30;-0,53;179,71;63,69
3150;13,9;-0,87;-0,54;9,44;1,05;64,62;0;0;0;347,2;4,6777205;51,8508720;-32,14;150,93;7,95;3;10;0,8;2,8;3,11;2,67;-3,66;-0,35;-0,51;179,71;63,68
3160;13,8;-1,36;-0,47;9,28;-0,05;64,62;0;0;0;347,2;4,6777205;51,8508720;-32,14;150,93;7,95;3;10;0,8;2,8;3,11;2,67;-3,66;-0,24;-0,48;179,71;63,67
3170;13,8;-0,74;-0,05;9,63;0,94;64,62;0;0;0;347,2;4,6777205;51,8508720;-32,14;150,93;7,95;3;10;0,8;2,8;3,11;2,67;-3,66;-0,74;-0,51;179,71;63,65
3180;13,9;-0,89;0,03;10,00;0,05;64,62;0;0;0;347,2;4,6777205;51,8508720;-32,14;150,93;7,95;3;10;0,8;2,8;3,11;2,67;-3,65;-0,12;-0,47;179,71;63,65
3190;13,9;-1,11;-0,62;9,37;0,04;64,22;0;0;0;347,1;4,6777086;51,8508987;-32,97;154,35;7,93;3;10;0,8;2,8;3,11;2,67;-3,66;-0,27;-0,45;179,71;63,64
3200;13,9;-1,12;-0,87;9,74;-0,01;64,22;0;0;0;347,1;4,6777086;51,8508987;-32,97;154,35;7,93;3;10;0,8;2,8;3,11;2,67;-3,66;-0,48;-0,45;179,68;63,63
3210;13,8;-1,03;-0,42;10,06;0,01;64,22;0;0;0;347,1;4,6777086;51,8508987;-32,97;154,35;7,93;3;10;0,8;2,8;3,11;2,67;-3,66;-0,50;-0,46;179,68;63,61
3220;13,8;-0,89;-0,19;9,99;0,28;64,22;0;0;0;347,1;4,6777086;51,8508987;-32,97;154,35;7,93;3;10;0,8;2,8;3,11;2,67;-3,67;-0,40;-0,45;179,68;63,60
3230;13,9;-1,04;-0,83;9,32;-0,40;64,22;0;0;0;347,1;4,6777086;51,8508987;-32,97;154,35;7,93;3;10;0,8;2,8;3,11;2,67;-3,67;-0,27;-0,43;179,68;63,59
3240;13,9;-1,03;-0,32;9,11;-0,07;64,22;0;0;0;347,1;4,6777086;51,8508987;-32,97;154,35;7,93;3;10;0,8;2,8;3,11;2,67;-3,67;-0,41;-0,43;179,68;63,58
3250;13,9;-0,85;-0,35;9,31;-0,05;64,22;0;0;0;347,1;4,6777086;51,8508987;-32,97;154,35;7,93;3;10;0,8;2,8;3,11;2,67;-3,68;-0,40;-0,43;179,68;63,56
3260;13,8;-1,11;0,20;9,63;-1,11;64,22;0;0;0;347,1;4,6777086;51,8508987;-32,97;154,35;7,93;3;10;0,8;2,8;3,11;2,67;-3,68;-0,22;-0,41;179,68;63,56
3270;13,8;-0,86;-0,20;9,52;0,07;64,22;0;0;0;347,1;4,6777086;51,8508987;-32,97;154,35;7,93;3;10;0,8;2,8;3,11;2,67;-3,69;-0,47;-0,41;179,68;63,54
3280;13,9;-1,45;-0,15;9,49;-0,70;64,22;0;0;0;347,1;4,6777086;51,8508987;-32,97;154,35;7,93;3;10;0,8;2,8;3,11;2,67;-3,70;-0,22;-0,39;179,68;63,53
3290;13,9;-1,19;-0,44;9,75;-0,53;64,22;0;0;0;347,1;4,6777086;51,8508987;-32,97;154,35;7,93;3;10;0,8;2,8;3,11;2,67;-3,71;-0,82;-0,44;179,68;63,51
3300;13,8;-1,24;-0,62;9,75;-1,38;64,22;0;0;0;347,1;4,6777086;51,8508987;-32,97;154,35;7,93;3;10;0,8;2,8;3,11;2,67;-3,72;-0,56;-0,45;179,68;63,49
3310;13,8;-1,21;-0,49;9,15;-0,82;64,22;0;0;0;347,1;4,6777086;51,8508987;-32,97;154,35;7,93;3;10;0,8;2,8;3,11;2,67;-3,73;-0,60;-0,46;179,68;63,47
3320;13,9;-0,88;-0,65;9,98;-0,24;64,22;0;0;0;347,1;4,6777086;51,8508987;-32,97;154,35;7,93;3;10;0,8;2,8;3,11;2,67;-3,74;-0,57;-0,48;179,68;63,45
3330;13,9;-1,32;-0,33;9,73;-1,58;64,22;0;0;0;347,1;4,6777086;51,8508987;-32,97;154,35;7,93;3;10;0,8;2,8;3,11;2,67;-3,75;-0,23;-0,45;179,68;63,44
3340;13,9;-1,15;-0,29;9,81;-0,44;64,22;0;0;0;347,1;4,6777086;51,8508987;-32,97;154,35;7,93;3;10;0,8;2,8;3,11;2,67;-3,77;-0,67;-0,47;179,68;63,41
3350;13,8;-1,27;-0,36;9,96;-0,52;64,22;0;0;0;347,1;4,6777086;51,8508987;-32,97;154,35;7,93;3;10;0,8;2,8;3,11;2,67;-3,78;-0,51;-0,48;179,68;63,40
3360;13,8;-1,54;-0,16;9,44;-1,56;64,22;0;0;0;347,1;4,6777086;51,8508987;-32,97;154,35;7,93;3;10;0,8;2,8;3,11;2,67;-3,79;-0,62;-0,49;179,68;63,38
3370;13,8;-1,16;-0,15;10,02;-0,28;64,22;0;0;0;347,1;4,6777086;51,8508987;-32,97;154,35;7,93;3;10;0,8;2,8;3,11;2,67;-3,80;-0,89;-0,53;179,68;63,35
3380;13,8;-1,12;-0,04;9,55;-0,22;63,83;0;0;0;347,2;4,6776977;51,8509331;-33,73;157,77;7,92;3;10;0,8;2,8;3,11;2,67;-3,81;-0,51;-0,53;179,68;63,33
3390;13,8;-1,46;-0,30;9,40;-0,73;63,83;0;0;0;347,2;4,6776977;51,8509331;-33,73;157,77;7,92;3;10;0,8;2,8;3,11;2,67;-3,82;-0,47;-0,52;179,74;63,32
3400;13,8;-1,15;-0,51;9,80;0,11;63,83;0;0;0;347,2;4,6776977;51,8509331;-33,73;157,77;7,92;3;10;0,8;2,8;3,11;2,67;-3,83;-0,81;-0,55;179,74;63,29
3410;13,8;-1,47;-0,41;9,71;-0,18;63,83;0;0;0;347,2;4,6776977;51,8509331;-33,73;157,77;7,92;3;10;0,8;2,8;3,11;2,67;-3,83;-0,50;-0,55;179,74;63,27
3420;13,9;-1,18;-0,25;9,75;0,39;63,83;0;0;0;347,2;4,6776977;51,8509331;-33,73;157,77;7,92;3;10;0,8;2,8;3,11;2,67;-3,83;-0,82;-0,57;179,74;63,25
3430;13,8;-1,12;-0,16;9,80;-0,10;63,83;0;0;0;347,2;4,6776977;51,8509331;-33,73;157,77;7,92;3;10;0,8;2,8;3,11;2,67;-3,83;-0,53;-0,57;179,74;63,23
3440;13,8;-1,25;-0,56;9,47;0,22;63,83;0;0;0;347,2;4,6776977;51,8509331;-33,73;157,77;7,92;3;10;0,8;2,8;3,11;2,67;-3,84;-0,47;-0,56;179,74;63,22
3450;13,8;-0,96;-0,35;9,26;0,78;63,83;0;0;0;347,2;4,6776977;51,8509331;-33,73;157,77;7,92;3;10;0,8;2,8;3,11;2,67;-3,84;-0,59;-0,56;179,74;63,20
3460;13,8;-1,47;-0,07;9,86;0,12;63,83;0;0;0;347,2;4,6776977;51,8509331;-33,73;157,77;7,92;3;10;0,8;2,8;3,11;2,67;-3,83;-0,31;-0,54;179,74;63,19
3470;13,9;-1,21;0,09;9,26;0,08;63,83;0;0;0;347,2;4,6776977;51,8509331;-33,73;157,77;7,92;3;10;0,8;2,8;3,11;2,67;-3,84;-0,81;-0,56;179,74;63,16
3480;13,8;-1,21;-0,01;10,20;0,37;63,83;0;0;0;347,2;4,6776977;51,8509331;-33,73;157,77;7,92;3;10;0,8;2,8;3,11;2,67;-3,84;-0,56;-0,56;179,74;63,14
3490;13,8;-1,12;-0,35;9,73;0,83;63,83;0;0;0;347,2;4,6776977;51,8509331;-33,73;157,77;7,92;3;10;0,8;2,8;3,11;2,67;-3,84;-0,56;-0,56;179,74;63,12
3500;13,8;-1,38;-0,64;9,91;0,04;63,83;0;0;0;347,2;4,6776977;51,8509331;-33,73;157,77;7,92;3;10;0,8;2,8;3,11;2,67;-3,83;-0,47;-0,55;179,74;63,10
3510;13,9;-1,03;-0,32;9,74;0,02;63,83;0;0;0;347,2;4,6776977;51,8509331;-33,73;157,77;7,92;3;10;0,8;2,8;3,11;2,67;-3,84;-0,73;-0,57;179,74;63,08
3520;13,9;-0,79;-0,24;9,94;0,72;63,83;0;0;0;347,2;4,6776977;51,8509331;-33,73;157,77;7,92;3;10;0,8;2,8;3,11;2,67;-3,84;-0,37;-0,55;179,74;63,06
3530;13,8;-1,23;-0,51;9,25;0,50;63,83;0;0;0;347,2;4,6776977;51,8509331;-33,73;157,77;7,92;3;10;0,8;2,8;3,11;2,67;-3,84;-0,13;-0,51;179,74;63,06
3540;13,8;-1,34;-0,15;9,58;-0,36;63,83;0;0;0;347,2;4,6776977;51,8509331;-33,73;157,77;7,92;3;10;0,8;2,8;3,11;2,67;-3,83;-0,58;-0,52;179,74;63,04
3550;13,8;-1,07;0,08;9,86;-0,36;63,83;0;0;0;347,2;4,6776977;51,8509331;-33,73;157,77;7,92;3;10;0,8;2,8;3,11;2,67;-3,84;-0,69;-0,53;179,74;63,02
3560;13,9;-1,50;0,11;9,38;0,44;63,83;0;0;0;347,2;4,6776977;51,8509331;-33,73;157,77;7,92;3;10;0,8;2,8;3,11;2,67;-3,85;-0,41;-0,52;179,74;63,00
3570;13,9;-0,93;-0,08;9,69;1,36;63,83;0;0;0;347,2;4,6776977;51,8509331;-33,73;157,77;7,92;3;10;0,8;2,8;3,11;2,67;-3,85;-0,84;-0,55;179,74;62,98
3580;13,8;-1,41;-0,03;9,59;0,05;63,83;0;0;0;347,2;4,6776867;51,8509636;-34,49;161,19;7,92;3;10;0,8;2,8;3,11;2,67;-3,84;-0,28;-0,53;179,74;62,97
3590;13,8;-1,28;-0,45;10,15;1,41;63,50;0;0;0;347,3;4,6776867;51,8509636;-34,49;161,19;7,91;3;10;0,8;2,8;3,11;2,67;-3,84;-0,76;-0,55;179,74;62,94
3600;13,9;-1,27;-0,37;10,00;0,50;63,50;0;0;0;347,3;4,6776867;51,8509636;-34,49;161,19;7,91;3;10;0,8;2,8;3,11;2,67;-3,83;-0,62;-0,56;179,84;62,92
3610;13,9;-1,65;-0,55;9,86;-0,75;63,50;0;0;0;347,3;4,6776867;51,8509636;-34,49;161,19;7,91;3;10;0,8;2,8;3,11;2,67;-3,83;-0,61;-0,56;179,84;62,90
3620;13,8;-0,66;-0,65;9,78;0,66;63,50;0;0;0;347,3;4,6776867;51,8509636;-34,49;161,19;7,91;3;10;0,8;2,8;3,11;2,67;-3,84;-1,00;-0,61;179,84;62,87
3630;13,8;-0,85;-0,81;9,47;0,53;63,50;0;0;0;347,3;4,6776867;51,8509636;-34,49;161,19;7,91;3;10;0,8;2,8;3,11;2,67;-3,83;-0,01;-0,55;179,84;62,87
3640;13,8;-1,02;-0,46;9,33;0,05;63,50;0;0;0;347,3;4,6776867;51,8509636;-34,49;161,19;7,91;3;10;0,8;2,8;3,11;2,67;-3,83;-0,19;-0,51;179,84;62,87
3650;13,9;-1,05;-0,21;9,53;0,49;63,50;0;0;0;347,3;4,6776867;51,8509636;-34,49;161,19;7,91;3;10;0,8;2,8;3,11;2,67;-3,83;-0,36;-0,50;179,84;62,85
3660;13,9;-1,30;-0,01;9,73;0,21;63,50;0;0;0;347,3;4,6776867;51,8509636;-34,49;161,19;7,91;3;10;0,8;2,8;3,11;2,67;-3,83;-0,39;-0,49;179,84;62,84
3670;13,8;-1,18;-0,67;9,05;0,05;63,50;0;0;0;347,3;4,6776867;51,8509636;-34,49;161,19;7,91;3;10;0,8;2,8;3,11;2,67;-3,83;-0,64;-0,50;179,84;62,82
3680;13,8;-1,11;-0,29;9,44;0,42;63,50;0;0;0;347,3;4,6776867;51,8509636;-34,49;161,19;7,91;3;10;0,8;2,8;3,11;2,67;-3,84;-0,53;-0,50;179,84;62,80
3690;13,8;-0,92;0,16;9,56;-0,18;63,50;0;0;0;347,3;4,6776867;51,8509636;-34,49;161,19;7,91;3;10;0,8;2,8;3,11;2,67;-3,84;-0,46;-0,50;179,84;62,78
3700;13,9;-1,48;-0,30;9,78;-0,84;63,50;0;0;0;347,3;4,6776867;51,8509636;-34,49;161,19;7,91;3;10;0,8;2,8;3,11;2,67;-3,84;-0,27;-0,48;179,84;62,77
3710;13,8;-0,73;-0,78;9,81;0,42;63,50;0;0;0;347,3;4,6776867;51,8509636;-34,49;161,19;7,91;3;10;0,8;2,8;3,11;2,67;-3,85;-0,82;-0,51;179,84;62,75
3720;13,8;-0,59;-0,86;9,78;-0,64;63,50;0;0;0;347,3;4,6776867;51,8509636;-34,49;161,19;7,91;3;10;0,8;2,8;3,11;2,67;-3,85;-0,07;-0,47;179,84;62,74
3730;13,8;-1,36;-0,64;9,37;-1,04;63,50;0;0;0;347,3;4,6776867;51,8509636;-34,49;161,19;7,91;3;10;0,8;2,8;3,11;2,67;-3,86;0,07;-0,41;179,84;62,75
3740;13,9;-0,92;0,25;9,59;-0,04;63,50;0;0;0;347,3;4,6776867;51,8509636;-34,49;161,19;7,91;3;10;0,8;2,8;3,11;2,67;-3,87;-0,70;-0,44;179,84;62,72
3750;13,9;-1,17;0,31;9,71;-0,77;63,50;0;0;0;347,3;4,6776867;51,8509636;-34,49;161,19;7,91;3;10;0,8;2,8;3,11;2,67;-3,88;-0,26;-0,42;179,84;62,71
3760;13,9;-0,97;-0,38;9,58;-0,39;63,50;0;0;0;347,3;4,6776867;51,8509636;-34,49;161,19;7,91;3;10;0,8;2,8;3,11;2,67;-3,89;-0,51;-0,43;179,84;62,70
3770;13,8;-0,97;-0,60;9,10;-0,13;63,50;0;0;0;347,3;4,6776867;51,8509636;-34,49;161,19;7,91;3;10;0,8;2,8;3,11;2,67;-3,89;-0,31;-0,42;179,84;62,69
3780;13,9;-1,39;0,01;9,79;-0,64;63,50;0;0;0;347,3;4,6776867;51,8509636;-34,49;161,19;7,91;3;10;0,8;2,8;3,11;2,67;-3,90;-0,30;-0,41;179,84;62,68
3790;13,9;-1,18;0,10;10,32;-0,21;63,14;0;0;0;347,4;4,6776757;51,8509941;-35,23;164,61;7,89;3;10;0,8;2,8;3,11;2,67;-3,91;-0,73;-0,44;179,84;62,65
3800;13,9;-1,32;0,00;9,81;-0,57;63,14;0;0;0;347,4;4,6776757;51,8509941;-35,23;164,61;7,89;3;10;0,8;2,8;3,11;2,67;-3,91;-0,51;-0,45;179,90;62,64
3810;13,8;-1,33;-0,44;9,39;-0,36;63,14;0;0;0;347,4;4,6776757;51,8509941;-35,23;164,61;7,89;3;10;0,8;2,8;3,11;2,67;-3,92;-0,65;-0,47;179,90;62,62
3820;13,8;-1,07;-0,42;9,64;0,44;63,14;0;0;0;347,4;4,6776757;51,8509941;-35,23;164,61;7,89;3;10;0,8;2,8;3,11;2,67;-3,93;-0,65;-0,49;179,90;62,59
3830;13,9;-1,42;-0,42;9,77;-0,76;63,14;0;0;0;347,4;4,6776757;51,8509941;-35,23;164,61;7,89;3;10;0,8;2,8;3,11;2,67;-3,93;-0,40;-0,48;179,90;62,58
3840;13,9;-1,37;-0,35;9,79;0,04;63,14;0;0;0;347,4;4,6776757;51,8509941;-35,23;164,61;7,89;3;10;0,8;2,8;3,11;2,67;-3,94;-0,75;-0,50;179,90;62,56
3850;13,9;-1,11;-0,11;9,59;0,33;63,14;0;0;0;347,4;4,6776757;51,8509941;-35,23;164,61;7,89;3;10;0,8;2,8;3,11;2,67;-3,94;-0,70;-0,52;179,90;62,53
3860;13,8;-1,42;-0,19;9,47;-0,70;63,14;0;0;0;347,4;4,6776757;51,8509941;-35,23;164,61;7,89;3;10;0,8;2,8;3,11;2,67;-3,94;-0,44;-0,52;179,90;62,52
3870;13,9;-1,02;0,07;9,52;0,06;63,14;0;0;0;347,4;4,6776757;51,8509941;-35,23;164,61;7,89;3;10;0,8;2,8;3,11;2,67;-3,95;-0,75;-0,54;179,90;62,49
3880;13,9;-1,00;0,03;9,72;0,48;63,14;0;0;0;347,4;4,6776757;51,8509941;-35,23;164,61;7,89;3;10;0,8;2,8;3,11;2,67;-3,95;-0,34;-0,52;179,90;62,48
3890;13,9;-1,20;-0,01;9,84;0,42;63,14;0;0;0;347,4;4,6776757;51,8509941;-35,23;164,61;7,89;3;10;0,8;2,8;3,11;2,67;-3,95;-0,32;-0,50;179,90;62,47
3900;13,8;-1,34;-0,81;9,75;0,17;63,14;0;0;0;347,4;4,6776757;51,8509941;-35,23;164,61;7,89;3;10;0,8;2,8;3,11;2,67;-3,95;-0,53;-0,50;179,90;62,45
3910;13,9;-1,26;-0,72;9,85;0,57;63,14;0;0;0;347,4;4,6776757;51,8509941;-35,23;164,61;7,89;3;10;0,8;2,8;3,11;2,67;-3,95;-0,67;-0,52;179,90;62,43
3920;13,9;-1,16;-0,49;9,77;-0,02;63,14;0;0;0;347,4;4,6776757;51,8509941;-35,23;164,61;7,89;3;10;0,8;2,8;3,11;2,67;-3,95;-0,58;-0,53;179,90;62,41
3930;13,9;-1,05;-0,49;9,77;0,03;63,14;0;0;0;347,4;4,6776757;51,8509941;-35,23;164,61;7,89;3;10;0,8;2,8;3,11;2,67;-3,95;-0,49;-0,52;179,90;62,39
3940;13,8;-1,14;-0,16;9,00;-0,51;63,14;0;0;0;347,4;4,6776757;51,8509941;-35,23;164,61;7,89;3;10;0,8;2,8;3,11;2,67;-3,96;-0,37;-0,51;179,90;62,38
3950;13,8;-0,95;0,17;9,48;1,33;63,14;0;0;0;347,4;4,6776757;51,8509941;-35,23;164,61;7,89;3;10;0,8;2,8;3,11;2,67;-3,96;-0,47;-0,50;179,90;62,36
3960;13,9;-1,11;-0,18;9,69;0,25;63,14;0;0;0;347,4;4,6776757;51,8509941;-35,23;164,61;7,89;3;10;0,8;2,8;3,11;2,67;-3,95;-0,28;-0,48;179,90;62,35
3970;13,9;-1,65;0,08;10,35;0,29;63,14;0;0;0;347,4;4,6776757;51,8509941;-35,23;164,61;7,89;3;10;0,8;2,8;3,11;2,67;-3,95;-0,43;-0,48;179,90;62,34
3980;13,9;-1,24;0,23;9,73;0,16;63,14;0;0;0;347,4;4,6776643;51,8510246;-36,02;168,03;7,89;3;10;0,8;2,8;3,11;2,67;-3,95;-0,98;-0,53;179,90;62,31
3990;13,8;-1,41;-0,09;10,07;0,02;62,86;0;0;0;347,4;4,6776643;51,8510246;-36,02;168,03;7,88;3;10;0,8;2,8;3,11;2,67;-3,96;-0,56;-0,53;179,90;62,29
4000;13,9;-0,88;-0,34;9,59;0,72;62,86;0;0;0;347,4;4,6776643;51,8510246;-36,02;168,03;7,88;3;10;0,8;2,8;3,11;2,67;-3,96;-0,74;-0,55;179,90;62,26
4010;13,9;-1,34;0,13;9,71;0,67;62,86;0;0;0;347,4;4,6776643;51,8510246;-36,02;168,03;7,88;3;10;0,8;2,8;3,11;2,67;-3,95;-0,20;-0,51;179,90;62,26
4020;13,9;-1,48;-0,51;9,20;0,16;62,86;0;0;0;347,4;4,6776643;51,8510246;-36,02;168,03;7,88;3;10;0,8;2,8;3,11;2,67;-3,95;-0,67;-0,53;179,90;62,24
4030;13,8;-1,23;-0,52;9,88;0,40;62,86;0;0;0;347,4;4,6776643;51,8510246;-36,02;168,03;7,88;3;10;0,8;2,8;3,11;2,67;-3,95;-0,80;-0,56;179,90;62,21
4040;13,8;-0,99;-0,60;9,77;0,63;62,86;0;0;0;347,4;4,6776643;51,8510246;-36,02;168,03;7,88;3;10;0,8;2,8;3,11;2,67;-3,95;-0,55;-0,56;179,90;62,19
4050;13,9;-1,13;0,02;9,93;1,06;62,86;0;0;0;347,4;4,6776643;51,8510246;-36,02;168,03;7,88;3;10;0,8;2,8;3,11;2,67;-3,95;-0,32;-0,53;179,90;62,18
4060;13,9;-1,36;-0,29;9,99;0,59;62,86;0;0;0;347,4;4,6776643;51,8510246;-36,02;168,03;7,88;3;10;0,8;2,8;3,11;2,67;-3,94;-0,46;-0,53;179,90;62,17
4070;13,9;-1,06;-0,42;9,76;0,78;62,86;0;0;0;347,4;4,6776643;51,8510246;-36,02;168,03;7,88;3;10;0,8;2,8;3,11;2,67;-3,94;-0,69;-0,54;179,90;62,14
4080;13,8;-1,16;-0,20;9,84;0,66;62,86;0;0;0;347,4;4,6776643;51,8510246;-36,02;168,03;7,88;3;10;0,8;2,8;3,11;2,67;-3,93;-0,39;-0,53;179,90;62,13
4090;13,8;-1,33;-0,14;9,82;0,69;62,86;0;0;0;347,4;4,6776643;51,8510246;-36,02;168,03;7,88;3;10;0,8;2,8;3,11;2,67;-3,93;-0,49;-0,52;179,90;62,11
4100;13,9;-1,28;-0,37;9,72;0,72;62,86;0;0;0;347,4;4,6776643;51,8510246;-36,02;168,03;7,88;3;10;0,8;2,8;3,11;2,67;-3,93;-0,66;-0,54;179,90;62,09
4110;13,8;-1,35;-0,53;9,75;0,52;62,86;0;0;0;347,4;4,6776643;51,8510246;-36,02;168,03;7,88;3;10;0,8;2,8;3,11;2,67;-3,92;-0,61;-0,54;179,90;62,07
4120;13,8;-1,08;-0,82;9,78;0,63;62,86;0;0;0;347,4;4,6776643;51,8510246;-36,02;168,03;7,88;3;10;0,8;2,8;3,11;2,67;-3,92;-0,68;-0,56;179,90;62,05
4130;13,8;-0,98;-0,03;10,04;0,86;62,86;0;0;0;347,4;4,6776643;51,8510246;-36,02;168,03;7,88;3;10;0,8;2,8;3,11;2,67;-3,92;-0,41;-0,54;179,90;62,03
4140;13,9;-1,12;-0,28;10,40;0,94;62,86;0;0;0;347,4;4,6776643;51,8510246;-36,02;168,03;7,88;3;10;0,8;2,8;3,11;2,67;-3,91;-0,31;-0,52;179,90;62,02
4150;13,8;-1,19;-0,61;10,02;0,91;62,86;0;0;0;347,4;4,6776643;51,8510246;-36,02;168,03;7,88;3;10;0,8;2,8;3,11;2,67;-3,91;-0,46;-0,51;179,90;62,01
4160;13,8;-1,39;-0,33;9,76;0,20;62,86;0;0;0;347,4;4,6776643;51,8510246;-36,02;168,03;7,88;3;10;0,8;2,8;3,11;2,67;-3,90;-0,53;-0,51;179,90;61,99
4170;13,8;-0,81;0,17;9,80;0,53;62,86;0;0;0;347,4;4,6776643;51,8510246;-36,02;168,03;7,88;3;10;0,8;2,8;3,11;2,67;-3,90;-0,73;-0,54;179,90;61,97
4180;13,9;-0,82;0,14;9,51;1,29;62,86;0;0;0;347,4;4,6776643;51,8510246;-36,02;168,03;7,88;3;10;0,8;2,8;3,11;2,67;-3,90;-0,14;-0,50;179,90;61,96
4190;13,9;-1,30;-0,69;9,69;0,38;62,42;0;0;0;347,5;4,6776538;51,8510551;-36,75;171,46;7,86;3;10;0,8;2,8;3,11;2,67;-3,89;-0,15;-0,46;179,90;61,96
4200;13,8;-1,20;-0,59;9,69;0,67;62,42;0;0;0;347,5;4,6776538;51,8510551;-36,75;171,46;7,86;3;10;0,8;2,8;3,11;2,67;-3,89;-0,63;-0,48;-179,98;61,94
4210;13,8;-1,19;-0,86;10,07;0,41;62,42;0;0;0;347,5;4,6776538;51,8510551;-36,75;171,46;7,86;3;10;0,8;2,8;3,11;2,67;-3,89;-0,54;-0,48;-179,98;61,92
4220;13,8;-1,05;-0,07;10,23;0,50;62,42;0;0;0;347,5;4,6776538;51,8510551;-36,75;171,46;7,86;3;10;0,8;2,8;3,11;2,67;-3,89;-0,53;-0,49;-179,98;61,90
4230;13,9;-0,97;-0,47;9,96;1,04;62,42;0;0;0;347,5;4,6776538;51,8510551;-36,75;171,46;7,86;3;10;0,8;2,8;3,11;2,67;-3,89;-0,38;-0,48;-179,98;61,89
4240;13,8;-1,30;-0,78;9,40;0,13;62,42;0;0;0;347,5;4,6776538;51,8510551;-36,75;171,46;7,86;3;10;0,8;2,8;3,11;2,67;-3,88;-0,31;-0,46;-179,98;61,88
4250;13,8;-1,15;-0,63;9,14;0,23;62,42;0;0;0;347,5;4,6776538;51,8510551;-36,75;171,46;7,86;3;10;0,8;2,8;3,11;2,67;-3,88;-0,63;-0,48;-179,98;61,86
4260;13,8;-0,80;0,34;9,17;-0,13;62,42;0;0;0;347,5;4,6776538;51,8510551;-36,75;171,46;7,86;3;10;0,8;2,8;3,11;2,67;-3,88;-0,49;-0,48;-179,98;61,85
4270;13,9;-0,77;0,34;9,25;-0,22;62,42;0;0;0;347,5;4,6776538;51,8510551;-36,75;171,46;7,86;3;10;0,8;2,8;3,11;2,67;-3,89;-0,13;-0,45;-179,98;61,84
4280;13,9;-0,83;-0,24;9,81;1,49;62,42;0;0;0;347,5;4,6776538;51,8510551;-36,75;171,46;7,86;3;10;0,8;2,8;3,11;2,67;-3,89;-0,10;-0,41;-179,98;61,84
4290;13,8;-1,58;-1,06;9,92;-0,54;62,42;0;0;0;347,5;4,6776538;51,8510551;-36,75;171,46;7,86;3;10;0,8;2,8;3,11;2,67;-3,88;-0,16;-0,39;-179,98;61,83
4300;13,8;-1,23;-1,08;9,66;-0,93;62,42;0;0;0;347,5;4,6776538;51,8510551;-36,75;171,46;7,86;3;10;0,8;2,8;3,11;2,67;-3,89;-0,91;-0,44;-179,98;61,80
4310;13,9;-0,79;-0,15;9,79;0,50;62,42;0;0;0;347,5;4,6776538;51,8510551;-36,75;171,46;7,86;3;10;0,8;2,8;3,11;2,67;-3,90;-0,56;-0,45;-179,98;61,78
4320;13,9;-1,24;0,17;9,41;0,10;62,42;0;0;0;347,5;4,6776538;51,8510551;-36,75;171,46;7,86;3;10;0,8;2,8;3,11;2,67;-3,90;-0,12;-0,42;-179,98;61,77
4330;13,8;-1,04;-1,24;9,64;-0,07;62,42;0;0;0;347,5;4,6776538;51,8510551;-36,75;171,46;7,86;3;10;0,8;2,8;3,11;2,67;-3,90;-0,57;-0,43;-179,98;61,75
4340;13,8;-1,34;-0,94;9,25;-1,68;62,42;0;0;0;347,5;4,6776538;51,8510551;-36,75;171,46;7,86;3;10;0,8;2,8;3,11;2,67;-3,90;-0,37;-0,43;-179,98;61,74
4350;13,8;-0,71;-0,09;9,70;0,33;62,42;0;0;0;347,5;4,6776538;51,8510551;-36,75;171,46;7,86;3;10;0,8;2,8;3,11;2,67;-3,92;-0,67;-0,45;-179,98;61,72
4360;13,9;-0,56;0,25;9,92;-0,41;62,42;0;0;0;347,5;4,6776538;51,8510551;-36,75;171,46;7,86;3;10;0,8;2,8;3,11;2,67;-3,92;-0,04;-0,41;-179,98;61,72
4370;13,8;-1,50;0,14;9,69;-0,92;62,42;0;0;0;347,5;4,6776538;51,8510551;-36,75;171,46;7,86;3;10;0,8;2,8;3,11;2,67;-3,93;0,11;-0,36;-179,98;61,72
4380;13,8;-1,08;-0,81;9,44;-0,56;62,42;0;0;0;347,5;4,6776538;51,8510551;-36,75;171,46;7,86;3;10;0,8;2,8;3,11;2,67;-3,94;-0,83;-0,41;-179,98;61,69
4390;13,8;-0,97;-0,46;8,97;-0,77;62,42;0;0;0;347,5;4,6776428;51,8510857;-37,49;174,88;7,86;3;10;0,8;2,8;3,11;2,67;-3,95;-0,40;-0,41;-179,98;61,68
4400;13,9;-0,85;-0,34;9,67;-0,38;62,17;0;0;0;347,6;4,6776428;51,8510857;-37,49;174,88;7,84;3;10;0,8;2,8;3,11;2,67;-3,96;-0,29;-0,39;-179,90;61,67
4410;13,8;-0,83;0,19;8,87;-0,71;62,17;0;0;0;347,6;4,6776428;51,8510857;-37,49;174,88;7,84;3;10;0,8;2,8;3,11;2,67;-3,97;-0,17;-0,37;-179,90;61,67
4420;13,8;-1,36;-0,18;9,67;-0,31;62,17;0;0;0;347,6;4,6776428;51,8510857;-37,49;174,88;7,84;3;10;0,8;2,8;3,11;2,67;-3,98;-0,15;-0,35;-179,90;61,66
4430;13,8;-1,26;-0,64;10,04;-0,23;62,17;0;0;0;347,6;4,6776428;51,8510857;-37,49;174,88;7,84;3;10;0,8;2,8;3,11;2,67;-3,99;-0,68;-0,38;-179,90;61,64
4440;13,9;-1,60;-0,48;9,67;-1,02;62,17;0;0;0;347,6;4,6776428;51,8510857;-37,49;174,88;7,84;3;10;0,8;2,8;3,11;2,67;-3,99;-0,58;-0,40;-179,90;61,62
4450;13,9;-1,22;-0,45;9,51;1,36;62,17;0;0;0;347,6;4,6776428;51,8510857;-37,49;174,88;7,84;3;10;0,8;2,8;3,11;2,67;-4,01;-0,92;-0,45;-179,90;61,59
4460;13,9;-0,17;-0,39;9,87;0,08;62,17;0;0;0;347,6;4,6776428;51,8510857;-37,49;174,88;7,84;3;10;0,8;2,8;3,11;2,67;-3,99;-0,54;-0,46;-179,90;61,57
4470;13,8;-2,50;-0,03;9,73;-3,33;62,17;0;0;0;347,6;4,6776428;51,8510857;-37,49;174,88;7,84;3;10;0,8;2,8;3,11;2,67;-4,00;0,52;-0,36;-179,90;61,59
4480;13,9;-1,05;0,24;9,77;0,99;62,17;0;0;0;347,6;4,6776428;51,8510857;-37,49;174,88;7,84;3;10;0,8;2,8;3,11;2,67;-4,03;-1,81;-0,51;-179,90;61,53
4490;13,9;-1,00;-0,88;9,76;-0,37;62,17;0;0;0;347,6;4,6776428;51,8510857;-37,49;174,88;7,84;3;10;0,8;2,8;3,11;2,67;-4,03;-0,36;-0,49;-179,90;61,52
4500;13,9;-1,85;-0,01;8,23;-2,80;62,17;0;0;0;347,6;4,6776428;51,8510857;-37,49;174,88;7,84;3;10;0,8;2,8;3,11;2,67;-4,03;-0,31;-0,48;-179,90;61,51
4510;13,8;-0,31;0,01;9,88;1,10;62,17;0;0;0;347,6;4,6776428;51,8510857;-37,49;174,88;7,84;3;10;0,8;2,8;3,11;2,67;-4,07;-1,16;-0,54;-179,90;61,46
4520;13,9;-0,23;-0,09;10,18;0,75;62,17;0;0;0;347,6;4,6776428;51,8510857;-37,49;174,88;7,84;3;10;0,8;2,8;3,11;2,67;-4,06;0,38;-0,45;-179,90;61,48
4530;13,9;-2,56;-0,22;10,13;-1,66;62,17;0;0;0;347,6;4,6776428;51,8510857;-37,49;174,88;7,84;3;10;0,8;2,8;3,11;2,67;-4,05;0,46;-0,36;-179,90;61,50
4540;13,9;-1,13;-0,85;9,29;-0,03;62,17;0;0;0;347,6;4,6776428;51,8510857;-37,49;174,88;7,84;3;10;0,8;2,8;3,11;2,67;-4,07;-1,87;-0,51;-179,90;61,43
4550;13,8;-1,02;-0,32;8,72;-1,16;62,17;0;0;0;347,6;4,6776428;51,8510857;-37,49;174,88;7,84;3;10;0,8;2,8;3,11;2,67;-4,08;-0,44;-0,50;-179,90;61,42
4560;13,7;-0,54;0,17;8,48;0,23;62,17;0;0;0;347,6;4,6776428;51,8510857;-37,49;174,88;7,84;3;10;0,8;2,8;3,11;2,67;-4,09;-0,32;-0,49;-179,90;61,41
4570;13,7;-1,26;0,22;9,84;-0,71;62,17;0;0;0;347,6;4,6776428;51,8510857;-37,49;174,88;7,84;3;10;0,8;2,8;3,11;2,67;-4,09;0,16;-0,42;-179,90;61,41
4580;13,8;-1,81;-0,44;9,90;-1,30;62,17;0;0;0;347,6;4,6776323;51,8511124;-38,22;177,92;7,84;3;10;0,8;2,8;3,11;2,67;-4,10;-0,56;-0,43;-179,90;61,40
4590;13,8;-1,27;-0,96;10,32;0,35;61,85;0;0;0;347,5;4,6776323;51,8511124;-38,22;177,92;7,82;3;10;0,8;2,8;3,11;2,67;-4,12;-1,10;-0,50;-179,90;61,36
4600;13,9;-0,71;-0,29;10,46;1,04;61,85;0;0;0;347,5;4,6776323;51,8511124;-38,22;177,92;7,82;3;10;0,8;2,8;3,11;2,67;-4,12;-0,56;-0,51;-179,93;61,34
4610;13,9;-1,63;-0,51;9,59;-2,82;61,85;0;0;0;347,5;4,6776323;51,8511124;-38,22;177,92;7,82;3;10;0,8;2,8;3,11;2,67;-4,11;-0,01;-0,46;-179,93;61,34
4620;13,8;-1,41;0,10;8,21;-0,87;61,85;0;0;0;347,5;4,6776323;51,8511124;-38,22;177,92;7,82;3;10;0,8;2,8;3,11;2,67;-4,14;-0,93;-0,50;-179,93;61,31
4630;13,8;-0,56;-1,04;8,57;1,51;61,85;0;0;0;347,5;4,6776323;51,8511124;-38,22;177,92;7,82;3;10;0,8;2,8;3,11;2,67;-4,15;-0,70;-0,52;-179,93;61,29
4640;13,8;-1,68;-0,87;10,23;-1,39;61,85;0;0;0;347,5;4,6776323;51,8511124;-38,22;177,92;7,82;3;10;0,8;2,8;3,11;2,67;-4,14;0,15;-0,46;-179,93;61,30
4650;13,9;-0,87;-0,33;9,56;-1,84;61,85;0;0;0;347,5;4,6776323;51,8511124;-38,22;177,92;7,82;3;10;0,8;2,8;3,11;2,67;-4,16;-0,97;-0,51;-179,93;61,26
4660;13,8;-0,44;-0,39;9,77;1,96;61,85;0;0;0;347,5;4,6776323;51,8511124;-38,22;177,92;7,82;3;10;0,8;2,8;3,11;2,67;-4,18;-0,15;-0,47;-179,93;61,26
4670;13,8;-2,64;-0,95;9,85;-0,91;61,85;0;0;0;347,5;4,6776323;51,8511124;-38,22;177,92;7,82;3;10;0,8;2,8;3,11;2,67;-4,17;0,27;-0,40;-179,93;61,27
4680;13,8;-2,06;-0,52;9,95;-2,07;61,85;0;0;0;347,5;4,6776323;51,8511124;-38,22;177,92;7,82;3;10;0,8;2,8;3,11;2,67;-4,18;-1,93;-0,55;-179,93;61,20
4690;13,9;-0,37;-0,40;8,72;-0,82;61,85;0;0;0;347,5;4,6776323;51,8511124;-38,22;177,92;7,82;3;10;0,8;2,8;3,11;2,67;-4,20;-1,35;-0,63;-179,93;61,16
4700;13,8;-1,22;-0,47;8,24;-0,55;61,85;0;0;0;347,5;4,6776323;51,8511124;-38,22;177,92;7,82;3;10;0,8;2,8;3,11;2,67;-4,21;0,35;-0,53;-179,93;61,17
4710;13,8;-2,29;-0,29;9,73;-1,83;61,85;0;0;0;347,5;4,6776323;51,8511124;-38,22;177,92;7,82;3;10;0,8;2,8;3,11;2,67;-4,22;-0,50;-0,53;-179,93;61,15
4720;13,8;-1,02;-0,39;9,56;-0,32;61,85;0;0;0;347,5;4,6776323;51,8511124;-38,22;177,92;7,82;3;10;0,8;2,8;3,11;2,67;-4,24;-1,57;-0,63;-179,93;61,10
4730;13,9;-1,10;-0,40;10,41;0,37;61,85;0;0;0;347,5;4,6776323;51,8511124;-38,22;177,92;7,82;3;10;0,8;2,8;3,11;2,67;-4,25;-0,29;-0,60;-179,93;61,09
4740;13,9;-1,93;-0,52;9,98;-1,29;61,85;0;0;0;347,5;4,6776323;51,8511124;-38,22;177,92;7,82;3;10;0,8;2,8;3,11;2,67;-4,25;-0,37;-0,58;-179,93;61,07
4750;13,8;-1,91;-0,84;10,01;-0,97;61,85;0;0;0;347,5;4,6776323;51,8511124;-38,22;177,92;7,82;3;10;0,8;2,8;3,11;2,67;-4,27;-1,20;-0,64;-179,93;61,03
4760;13,8;-0,81;-0,25;9,09;-0,65;61,85;0;0;0;347,5;4,6776323;51,8511124;-38,22;177,92;7,82;3;10;0,8;2,8;3,11;2,67;-4,28;-1,18;-0,69;-179,93;60,99
4770;13,9;-0,88;0,20;9,13;1,24;61,85;0;0;0;347,5;4,6776323;51,8511124;-38,22;177,92;7,82;3;10;0,8;2,8;3,11;2,67;-4,29;-0,08;-0,63;-179,93;60,99
4780;13,9;-2,06;0,40;8,75;-1,08;61,85;0;0;0;347,5;4,6776323;51,8511124;-38,22;177,92;7,82;3;10;0,8;2,8;3,11;2,67;-4,28;-0,15;-0,58;-179,93;60,99
4790;13,8;-1,45;-0,53;9,00;-0,93;61,56;0;0;0;347,6;4,6776218;51,8511467;-38,95;181,72;7,80;3;10;0,8;2,8;3,11;2,67;-4,29;-1,33;-0,66;-179,93;60,94
4800;13,8;-0,93;-1,25;9,72;0,61;61,56;0;0;0;347,6;4,6776218;51,8511467;-38,95;181,72;7,80;3;10;0,8;2,8;3,11;2,67;-4,31;-0,72;-0,66;-179,89;60,92
4810;13,8;-1,53;-0,41;10,23;0,77;61,56;0;0;0;347,6;4,6776218;51,8511467;-38,95;181,72;7,80;3;10;0,8;2,8;3,11;2,67;-4,30;-0,20;-0,62;-179,89;60,91
4820;13,8;-2,00;-0,31;10,30;-0,71;61,56;0;0;0;347,6;4,6776218;51,8511467;-38,95;181,72;7,80;3;10;0,8;2,8;3,11;2,67;-4,30;-0,79;-0,64;-179,89;60,89
4830;13,8;-1,49;-1,11;9,95;-0,07;61,56;0;0;0;347,6;4,6776218;51,8511467;-38,95;181,72;7,80;3;10;0,8;2,8;3,11;2,67;-4,31;-1,26;-0,70;-179,89;60,84
4840;13,8;-1,07;-1,08;9,44;0,69;61,56;0;0;0;347,6;4,6776218;51,8511467;-38,95;181,72;7,80;3;10;0,8;2,8;3,11;2,67;-4,31;-0,75;-0,70;-179,89;60,82
4850;13,8;-1,38;-1,08;9,52;-0,61;61,56;0;0;0;347,6;4,6776218;51,8511467;-38,95;181,72;7,80;3;10;0,8;2,8;3,11;2,67;-4,31;-0,33;-0,67;-179,89;60,81
4860;13,8;-1,52;-0,26;9,30;-0,45;61,56;0;0;0;347,6;4,6776218;51,8511467;-38,95;181,72;7,80;3;10;0,8;2,8;3,11;2,67;-4,32;-0,65;-0,66;-179,89;60,79
4870;13,8;-1,34;0,02;9,83;0,48;61,56;0;0;0;347,6;4,6776218;51,8511467;-38,95;181,72;7,80;3;10;0,8;2,8;3,11;2,67;-4,33;-0,78;-0,68;-179,89;60,76
4880;13,8;-1,87;-0,48;10,27;-0,48;61,56;0;0;0;347,6;4,6776218;51,8511467;-38,95;181,72;7,80;3;10;0,8;2,8;3,11;2,67;-4,32;-0,61;-0,67;-179,89;60,74
4890;13,8;-1,68;-0,30;9,98;-0,88;61,56;0;0;0;347,6;4,6776218;51,8511467;-38,95;181,72;7,80;3;10;0,8;2,8;3,11;2,67;-4,33;-1,13;-0,72;-179,89;60,70
4900;13,8;-0,91;-0,21;9,55;0,24;61,56;0;0;0;347,6;4,6776218;51,8511467;-38,95;181,72;7,80;3;10;0,8;2,8;3,11;2,67;-4,34;-0,94;-0,74;-179,89;60,67
4910;13,8;-1,33;-0,78;9,36;0,71;61,56;0;0;0;347,6;4,6776218;51,8511467;-38,95;181,72;7,80;3;10;0,8;2,8;3,11;2,67;-4,35;-0,17;-0,68;-179,89;60,66
4920;13,8;-1,98;-0,50;9,75;0,83;61,56;0;0;0;347,6;4,6776218;51,8511467;-38,95;181,72;7,80;3;10;0,8;2,8;3,11;2,67;-4,34;-0,58;-0,67;-179,89;60,64
4930;13,8;-2,24;-0,12;9,95;-0,80;61,56;0;0;0;347,6;4,6776218;51,8511467;-38,95;181,72;7,80;3;10;0,8;2,8;3,11;2,67;-4,34;-1,24;-0,73;-179,89;60,60
4940;13,8;-1,31;-0,26;10,10;0,40;61,56;0;0;0;347,6;4,6776218;51,8511467;-38,95;181,72;7,80;3;10;0,8;2,8;3,11;2,67;-4,35;-1,50;-0,80;-179,89;60,54
4950;13,8;-1,59;-1,12;10,20;0,77;61,56;0;0;0;347,6;4,6776218;51,8511467;-38,95;181,72;7,80;3;10;0,8;2,8;3,11;2,67;-4,35;-0,56;-0,78;-179,89;60,52
4960;13,8;-1,42;-0,79;9,78;0,67;61,56;0;0;0;347,6;4,6776218;51,8511467;-38,95;181,72;7,80;3;10;0,8;2,8;3,11;2,67;-4,34;-0,85;-0,79;-179,89;60,50
4970;13,8;-1,77;-0,25;10,13;0,49;61,56;0;0;0;347,6;4,6776218;51,8511467;-38,95;181,72;7,80;3;10;0,8;2,8;3,11;2,67;-4,34;-0,68;-0,78;-179,89;60,47
4980;13,8;-1,95;-0,18;10,21;0,32;61,16;0;0;0;347,5;4,6776114;51,8511734;-39,66;184,76;7,77;3;10;0,7;2,8;3,11;2,67;-4,34;-1,03;-0,80;-179,89;60,44
4990;13,8;-1,60;-0,56;10,08;0,79;61,16;0;0;0;347,5;4,6776114;51,8511734;-39,66;184,76;7,77;3;10;0,7;2,8;3,11;2,67;-4,34;-1,21;-0,84;-179,95;60,40
5000;13,8;-1,43;-0,73;9,94;1,35;61,16;0;0;0;347,5;4,6776114;51,8511734;-39,66;184,76;7,77;3;10;0,7;2,8;3,11;2,67;-4,33;-0,86;-0,85;-179,95;60,37
5010;13,8;-1,71;-0,93;9,90;1,61;61,16;0;0;0;347,5;4,6776114;51,8511734;-39,66;184,76;7,77;3;10;0,7;2,8;3,11;2,67;-4,32;-0,69;-0,83;-179,95;60,35
5020;13,8;-1,73;-0,44;9,94;1,30;61,16;0;0;0;347,5;4,6776114;51,8511734;-39,66;184,76;7,77;3;10;0,7;2,8;3,11;2,67;-4,31;-0,97;-0,84;-179,95;60,31
5030;13,8;-1,56;-0,19;9,97;1,02;61,16;0;0;0;347,5;4,6776114;51,8511734;-39,66;184,76;7,77;3;10;0,7;2,8;3,11;2,67;-4,30;-0,99;-0,86;-179,95;60,28
5040;13,8;-1,34;-0,50;10,02;1,34;61,16;0;0;0;347,5;4,6776114;51,8511734;-39,66;184,76;7,77;3;10;0,7;2,8;3,11;2,67;-4,29;-0,82;-0,86;-179,95;60,25
5050;13,8;-1,25;-0,17;9,84;1,62;61,16;0;0;0;347,5;4,6776114;51,8511734;-39,66;184,76;7,77;3;10;0,7;2,8;3,11;2,67;-4,28;-0,61;-0,83;-179,95;60,23
5060;13,8;-1,93;-0,30;9,78;0,93;61,16;0;0;0;347,5;4,6776114;51,8511734;-39,66;184,76;7,77;3;10;0,7;2,8;3,11;2,67;-4,27;-0,52;-0,80;-179,95;60,21
5070;13,8;-1,86;-0,33;9,65;1,21;61,16;0;0;0;347,5;4,6776114;51,8511734;-39,66;184,76;7,77;3;10;0,7;2,8;3,11;2,67;-4,26;-1,20;-0,84;-179,95;60,17
5080;13,8;-1,71;-0,52;9,98;1,07;61,16;0;0;0;347,5;4,6776114;51,8511734;-39,66;184,76;7,77;3;10;0,7;2,8;3,11;2,67;-4,25;-1,14;-0,87;-179,95;60,13
5090;13,8;-1,40;-0,07;9,74;1,05;61,16;0;0;0;347,5;4,6776114;51,8511734;-39,66;184,76;7,77;3;10;0,7;2,8;3,11;2,67;-4,25;-0,98;-0,88;-179,95;60,09
5100;13,8;-1,08;-0,03;9,54;1,05;61,16;0;0;0;347,5;4,6776114;51,8511734;-39,66;184,76;7,77;3;10;0,7;2,8;3,11;2,67;-4,24;-0,68;-0,86;-179,95;60,07
5110;13,8;-1,52;-0,51;9,40;0,37;61,16;0;0;0;347,5;4,6776114;51,8511734;-39,66;184,76;7,77;3;10;0,7;2,8;3,11;2,67;-4,23;-0,35;-0,81;-179,95;60,06
5120;13,8;-1,33;-0,49;9,81;1,51;61,16;0;0;0;347,5;4,6776114;51,8511734;-39,66;184,76;7,77;3;10;0,7;2,8;3,11;2,67;-4,23;-0,80;-0,81;-179,95;60,03
5130;13,8;-1,68;-0,40;9,79;0,48;61,16;0;0;0;347,5;4,6776114;51,8511734;-39,66;184,76;7,77;3;10;0,7;2,8;3,11;2,67;-4,22;-0,61;-0,79;-179,95;60,01
5140;13,8;-1,77;-0,01;9,88;-0,10;61,16;0;0;0;347,5;4,6776114;51,8511734;-39,66;184,76;7,77;3;10;0,7;2,8;3,11;2,67;-4,22;-0,96;-0,81;-179,95;59,97
5150;13,8;-1,15;-1,17;10,18;0,28;61,16;0;0;0;347,5;4,6776114;51,8511734;-39,66;184,76;7,77;3;10;0,7;2,8;3,11;2,67;-4,22;-1,05;-0,83;-179,95;59,94
5160;13,8;-0,91;-0,86;9,55;0,19;61,16;0;0;0;347,5;4,6776114;51,8511734;-39,66;184,76;7,77;3;10;0,7;2,8;3,11;2,67;-4,22;-0,43;-0,79;-179,95;59,92
5170;13,9;-1,61;-0,43;9,41;-0,71;61,16;0;0;0;347,5;4,6776114;51,8511734;-39,66;184,76;7,77;3;10;0,7;2,8;3,11;2,67;-4,22;-0,19;-0,73;-179,95;59,92
5180;13,9;-1,19;-0,02;9,16;0,28;61,16;0;0;0;347,5;4,6776009;51,8512039;-40,39;188,18;7,77;3;10;0,7;2,8;3,11;2,67;-4,23;-0,89;-0,75;-179,95;59,89
5190;13,8;-1,69;-0,03;9,45;0,19;60,62;0;0;0;347,5;4,6776009;51,8512039;-40,39;188,18;7,73;3;10;0,7;2,8;3,11;2,67;-4,24;-0,47;-0,72;-179,95;59,87
5200;13,8;-1,81;-0,02;9,51;-1,12;60,62;0;0;0;347,5;4,6776009;51,8512039;-40,39;188,18;7,73;3;10;0,7;2,8;3,11;2,67;-4,24;-0,97;-0,74;179,99;59,84
5210;13,9;-1,24;-0,33;9,69;-0,24;60,62;0;0;0;347,5;4,6776009;51,8512039;-40,39;188,18;7,73;3;10;0,7;2,8;3,11;2,67;-4,25;-1,08;-0,78;179,99;59,80
5220;13,8;-1,75;-0,62;9,53;-1,08;60,62;0;0;0;347,5;4,6776009;51,8512039;-40,39;188,18;7,73;3;10;0,7;2,8;3,11;2,67;-4,26;-0,51;-0,75;179,99;59,79
5230;13,8;-1,71;-0,92;10,02;0,23;60,62;0;0;0;347,5;4,6776009;51,8512039;-40,39;188,18;7,73;3;10;0,7;2,8;3,11;2,67;-4,27;-1,02;-0,78;179,99;59,75
5240;13,8;-1,48;-0,59;10,02;-0,95;60,62;0;0;0;347,5;4,6776009;51,8512039;-40,39;188,18;7,73;3;10;0,7;2,8;3,11;2,67;-4,27;-0,98;-0,80;179,99;59,72
5250;13,9;-1,92;-0,32;9,73;-0,65;60,62;0;0;0;347,5;4,6776009;51,8512039;-40,39;188,18;7,73;3;10;0,7;2,8;3,11;2,67;-4,28;-0,75;-0,79;179,99;59,70
5260;13,8;-1,68;-0,06;9,50;-0,16;60,62;0;0;0;347,5;4,6776009;51,8512039;-40,39;188,18;7,73;3;10;0,7;2,8;3,11;2,67;-4,29;-1,19;-0,83;179,99;59,65
5270;13,8;-1,92;-0,59;9,16;-0,62;60,62;0;0;0;347,5;4,6776009;51,8512039;-40,39;188,18;7,73;3;10;0,7;2,8;3,11;2,67;-4,30;-0,95;-0,84;179,99;59,62
5280;13,8;-1,82;-0,64;9,43;-0,36;60,62;0;0;0;347,5;4,6776009;51,8512039;-40,39;188,18;7,73;3;10;0,7;2,8;3,11;2,67;-4,31;-1,19;-0,88;179,99;59,58
5290;13,9;-1,55;0,01;9,29;-0,29;60,62;0;0;0;347,5;4,6776009;51,8512039;-40,39;188,18;7,73;3;10;0,7;2,8;3,11;2,67;-4,32;-1,09;-0,90;179,99;59,54
5300;13,8;-2,00;-0,12;10,42;-0,47;60,62;0;0;0;347,5;4,6776009;51,8512039;-40,39;188,18;7,73;3;10;0,7;2,8;3,11;2,67;-4,32;-0,81;-0,89;179,99;59,51
5310;13,8;-1,69;-0,33;9,57;-0,23;60,62;0;0;0;347,5;4,6776009;51,8512039;-40,39;188,18;7,73;3;10;0,7;2,8;3,11;2,67;-4,33;-1,26;-0,93;179,99;59,46
5320;13,9;-1,83;0,01;9,91;-0,82;60,62;0;0;0;347,5;4,6776009;51,8512039;-40,39;188,18;7,73;3;10;0,7;2,8;3,11;2,67;-4,34;-0,95;-0,93;179,99;59,43
5330;13,9;-1,55;-0,32;9,37;0,87;60,62;0;0;0;347,5;4,6776009;51,8512039;-40,39;188,18;7,73;3;10;0,7;2,8;3,11;2,67;-4,35;-1,09;-0,95;179,99;59,39
5340;13,8;-2,43;-0,75;10,27;-0,79;60,62;0;0;0;347,5;4,6776009;51,8512039;-40,39;188,18;7,73;3;10;0,7;2,8;3,11;2,67;-4,34;-0,81;-0,93;179,99;59,36
5350;13,8;-1,55;-0,91;9,40;0,08;60,62;0;0;0;347,5;4,6776009;51,8512039;-40,39;188,18;7,73;3;10;0,7;2,8;3,11;2,67;-4,35;-1,69;-1,01;179,99;59,30
5360;13,9;-1,36;-0,56;9,74;0,63;60,62;0;0;0;347,5;4,6776009;51,8512039;-40,39;188,18;7,73;3;10;0,7;2,8;3,11;2,67;-4,35;-0,80;-0,99;179,99;59,27
5370;13,9;-1,73;0,07;9,81;-0,24;60,62;0;0;0;347,5;4,6776009;51,8512039;-40,39;188,18;7,73;3;10;0,7;2,8;3,11;2,67;-4,35;-0,62;-0,95;179,99;59,25
5380;13,8;-1,98;-0,91;9,63;0,20;60,62;0;0;0;347,5;4,6776009;51,8512039;-40,39;188,18;7,73;3;10;0,7;2,8;3,11;2,67;-4,36;-0,98;-0,95;179,99;59,22
5390;13,8;-1,97;-1,11;9,94;0,42;60,05;0;0;0;347,6;4,6775904;51,8512344;-41,10;191,60;7,71;3;10;0,7;2,8;3,11;2,67;-4,36;-1,23;-0,98;179,99;59,17
5400;13,9;-1,90;-0,15;10,10;0,16;60,05;0;0;0;347,6;4,6775904;51,8512344;-41,10;191,60;7,71;3;10;0,7;2,8;3,11;2,67;-4,36;-1,22;-1,01;-179,88;59,13
5410;13,8;-2,07;-0,17;10,24;-0,21;60,05;0;0;0;347,6;4,6775904;51,8512344;-41,10;191,60;7,71;3;10;0,7;2,8;3,11;2,67;-4,36;-1,16;-1,02;-179,88;59,09
5420;13,8;-1,13;-0,25;9,41;0,66;60,05;0;0;0;347,6;4,6775904;51,8512344;-41,10;191,60;7,71;3;10;0,7;2,8;3,11;2,67;-4,36;-1,33;-1,05;-179,88;59,05
5430;13,8;-1,64;-0,53;9,15;1,34;60,05;0;0;0;347,6;4,6775904;51,8512344;-41,10;191,60;7,71;3;10;0,7;2,8;3,11;2,67;-4,36;-0,39;-0,99;-179,88;59,03
5440;13,9;-2,18;-0,71;9,20;0,46;60,05;0;0;0;347,6;4,6775904;51,8512344;-41,10;191,60;7,71;3;10;0,7;2,8;3,11;2,67;-4,35;-0,90;-0,98;-179,88;59,00
5450;13,8;-1,90;-1,04;10,16;0,07;60,05;0;0;0;347,6;4,6775904;51,8512344;-41,10;191,60;7,71;3;10;0,7;2,8;3,11;2,67;-4,35;-1,44;-1,02;-179,88;58,95
5460;13,8;-1,31;-1,25;9,86;0,56;60,05;0;0;0;347,6;4,6775904;51,8512344;-41,10;191,60;7,71;3;10;0,7;2,8;3,11;2,67;-4,35;-1,16;-1,04;-179,88;58,91
5470;13,9;-1,47;-0,24;9,97;0,55;60,05;0;0;0;347,6;4,6775904;51,8512344;-41,10;191,60;7,71;3;10;0,7;2,8;3,11;2,67;-4,35;-0,56;-0,99;-179,88;58,89
5480;13,8;-1,69;-0,20;9,58;0,17;60,05;0;0;0;347,6;4,6775904;51,8512344;-41,10;191,60;7,71;3;10;0,7;2,8;3,11;2,67;-4,35;-0,73;-0,96;-179,88;58,86
5490;13,8;-1,76;-0,02;9,51;0,52;60,05;0;0;0;347,6;4,6775904;51,8512344;-41,10;191,60;7,71;3;10;0,7;2,8;3,11;2,67;-4,35;-0,95;-0,96;-179,88;58,83
5500;13,8;-1,75;-1,02;9,11;-0,08;60,05;0;0;0;347,6;4,6775904;51,8512344;-41,10;191,60;7,71;3;10;0,7;2,8;3,11;2,67;-4,35;-1,02;-0,97;-179,88;58,79
5510;13,9;-1,70;-0,21;9,51;-0,26;60,05;0;0;0;347,6;4,6775904;51,8512344;-41,10;191,60;7,71;3;10;0,7;2,8;3,11;2,67;-4,35;-1,01;-0,97;-179,88;58,76
5520;13,8;-1,13;-0,20;9,58;0,60;60,05;0;0;0;347,6;4,6775904;51,8512344;-41,10;191,60;7,71;3;10;0,7;2,8;3,11;2,67;-4,36;-0,96;-0,97;-179,88;58,72
5530;13,8;-1,38;-0,28;9,91;0,34;60,05;0;0;0;347,6;4,6775904;51,8512344;-41,10;191,60;7,71;3;10;0,7;2,8;3,11;2,67;-4,35;-0,39;-0,91;-179,88;58,71
5540;13,8;-1,77;-0,34;9,90;0,15;60,05;0;0;0;347,6;4,6775904;51,8512344;-41,10;191,60;7,71;3;10;0,7;2,8;3,11;2,67;-4,35;-0,64;-0,88;-179,88;58,68
5550;13,8;-1,70;-0,19;9,68;0,23;60,05;0;0;0;347,6;4,6775904;51,8512344;-41,10;191,60;7,71;3;10;0,7;2,8;3,11;2,67;-4,35;-1,02;-0,90;-179,88;58,65
5560;13,8;-1,97;-1,24;10,15;-0,61;60,05;0;0;0;347,6;4,6775904;51,8512344;-41,10;191,60;7,71;3;10;0,7;2,8;3,11;2,67;-4,36;-0,96;-0,90;-179,88;58,61
5570;13,8;-1,27;-0,85;9,94;0,85;60,05;0;0;0;347,6;4,6775904;51,8512344;-41,10;191,60;7,71;3;10;0,7;2,8;3,11;2,67;-4,36;-1,22;-0,94;-179,88;58,57
5580;13,8;-1,61;-1,07;10,06;0,46;60,05;0;0;0;347,6;4,6775804;51,8512650;-41,77;194,65;7,71;3;10;0,7;2,8;3,11;2,67;-4,36;-0,52;-0,89;-179,88;58,56
5590;13,8;-1,72;-0,27;9,48;-0,17;59,33;0;0;0;347,5;4,6775804;51,8512650;-41,77;194,65;7,68;3;10;0,7;2,8;3,11;2,67;-4,36;-0,87;-0,89;-179,88;58,53
5600;13,8;-1,84;-0,27;9,10;0,11;59,33;0;0;0;347,5;4,6775804;51,8512650;-41,77;194,65;7,68;3;10;0,7;2,8;3,11;2,67;-4,36;-0,97;-0,90;-179,91;58,49
5610;13,8;-1,79;-0,41;9,67;-0,12;59,33;0;0;0;347,5;4,6775804;51,8512650;-41,77;194,65;7,68;3;10;0,7;2,8;3,11;2,67;-4,36;-1,10;-0,92;-179,91;58,45
5620;13,8;-1,56;-0,28;10,04;-0,24;59,33;0;0;0;347,5;4,6775804;51,8512650;-41,77;194,65;7,68;3;10;0,7;2,8;3,11;2,67;-4,37;-1,04;-0,93;-179,91;58,42
5630;13,8;-1,84;-0,42;9,65;-0,27;59,33;0;0;0;347,5;4,6775804;51,8512650;-41,77;194,65;7,68;3;10;0,7;2,8;3,11;2,67;-4,37;-0,81;-0,92;-179,91;58,39
5640;13,8;-1,67;-0,33;9,34;0,18;59,33;0;0;0;347,5;4,6775804;51,8512650;-41,77;194,65;7,68;3;10;0,7;2,8;3,11;2,67;-4,38;-1,10;-0,94;-179,91;58,35
5650;13,8;-1,79;-0,28;8,98;-0,42;59,33;0;0;0;347,5;4,6775804;51,8512650;-41,77;194,65;7,68;3;10;0,7;2,8;3,11;2,67;-4,38;-0,92;-0,94;-179,91;58,32
5660;13,8;-1,55;0,41;9,38;0,40;59,33;0;0;0;347,5;4,6775804;51,8512650;-41,77;194,65;7,68;3;10;0,7;2,8;3,11;2,67;-4,39;-1,04;-0,95;-179,91;58,28
5670;13,8;-1,70;-0,18;9,73;-0,14;59,33;0;0;0;347,5;4,6775804;51,8512650;-41,77;194,65;7,68;3;10;0,7;2,8;3,11;2,67;-4,39;-0,80;-0,93;-179,91;58,25
5680;13,8;-1,94;-0,81;10,32;-0,06;59,33;0;0;0;347,5;4,6775804;51,8512650;-41,77;194,65;7,68;3;10;0,7;2,8;3,11;2,67;-4,39;-0,95;-0,93;-179,91;58,22
5690;13,8;-1,58;-0,75;10,42;1,33;59,33;0;0;0;347,5;4,6775804;51,8512650;-41,77;194,65;7,68;3;10;0,7;2,8;3,11;2,67;-4,39;-1,19;-0,96;-179,91;58,17
5700;13,8;-2,21;-0,70;10,26;0,97;59,33;0;0;0;347,5;4,6775804;51,8512650;-41,77;194,65;7,68;3;10;0,7;2,8;3,11;2,67;-4,38;-0,83;-0,95;-179,91;58,14
5710;13,8;-2,51;-0,87;9,71;-0,19;59,33;0;0;0;347,5;4,6775804;51,8512650;-41,77;194,65;7,68;3;10;0,7;2,8;3,11;2,67;-4,38;-1,46;-1,00;-179,91;58,09
5720;13,8;-1,88;-1,28;10,07;0,94;59,33;0;0;0;347,5;4,6775804;51,8512650;-41,77;194,65;7,68;3;10;0,7;2,8;3,11;2,67;-4,38;-1,76;-1,07;-179,91;58,02
5730;13,8;-2,12;-0,23;9,35;-0,45;59,33;0;0;0;347,5;4,6775804;51,8512650;-41,77;194,65;7,68;3;10;0,7;2,8;3,11;2,67;-4,38;-1,14;-1,08;-179,91;57,98
5740;13,8;-1,55;-0,20;9,84;1,42;59,33;0;0;0;347,5;4,6775804;51,8512650;-41,77;194,65;7,68;3;10;0,7;2,8;3,11;2,67;-4,38;-1,37;-1,11;-179,91;57,93
5750;13,8;-1,54;-0,74;10,70;2,02;59,33;0;0;0;347,5;4,6775804;51,8512650;-41,77;194,65;7,68;3;10;0,7;2,8;3,11;2,67;-4,37;-0,80;-1,08;-179,91;57,90
5760;13,8;-2,11;-0,85;10,25;0,43;59,33;0;0;0;347,5;4,6775804;51,8512650;-41,77;194,65;7,68;3;10;0,7;2,8;3,11;2,67;-4,35;-0,79;-1,05;-179,91;57,87
5770;13,8;-2,54;-0,64;10,05;0,80;59,33;0;0;0;347,5;4,6775804;51,8512650;-41,77;194,65;7,68;3;10;0,7;2,8;3,11;2,67;-4,35;-1,37;-1,08;-179,91;57,82
5780;13,8;-2,06;-0,97;10,11;1,57;59,33;0;0;0;347,5;4,6775804;51,8512650;-41,77;194,65;7,68;3;10;0,7;2,8;3,11;2,67;-4,35;-1,80;-1,15;-179,91;57,76
5790;13,8;-1,54;-0,77;10,16;0,79;58,72;0;0;0;347,5;4,6775699;51,8512917;-42,51;198,07;7,64;3;10;0,7;2,8;3,11;2,67;-4,33;-1,32;-1,17;-179,91;57,71
5800;13,8;-1,39;0,00;9,19;2,00;58,72;0;0;0;347,5;4,6775699;51,8512917;-42,51;198,07;7,64;3;10;0,7;2,8;3,11;2,67;-4,33;-0,80;-1,13;-179,93;57,69
5810;13,8;-1,81;-0,07;9,83;2,62;58,72;0;0;0;347,5;4,6775699;51,8512917;-42,51;198,07;7,64;3;10;0,7;2,8;3,11;2,67;-4,31;-0,66;-1,09;-179,93;57,66
5820;13,8;-2,21;-0,65;9,09;2,07;58,72;0;0;0;347,5;4,6775699;51,8512917;-42,51;198,07;7,64;3;10;0,7;2,8;3,11;2,67;-4,29;-1,08;-1,09;-179,93;57,63
5830;13,8;-2,27;-0,51;10,28;1,73;58,72;0;0;0;347,5;4,6775699;51,8512917;-42,51;198,07;7,64;3;10;0,7;2,8;3,11;2,67;-4,27;-1,48;-1,12;-179,93;57,57
5840;13,8;-1,57;-0,43;10,00;0,53;58,72;0;0;0;347,5;4,6775699;51,8512917;-42,51;198,07;7,64;3;10;0,7;2,8;3,11;2,67;-4,26;-1,54;-1,17;-179,93;57,52
5850;13,8;-1,55;-0,42;9,92;0,34;58,72;0;0;0;347,5;4,6775699;51,8512917;-42,51;198,07;7,64;3;10;0,7;2,8;3,11;2,67;-4,25;-0,84;-1,13;-179,93;57,49
5860;13,8;-1,38;-0,68;10,02;1,49;58,72;0;0;0;347,5;4,6775699;51,8512917;-42,51;198,07;7,64;3;10;0,7;2,8;3,11;2,67;-4,25;-0,82;-1,10;-179,93;57,46
5870;13,8;-1,90;-0,50;9,90;1,16;58,72;0;0;0;347,5;4,6775699;51,8512917;-42,51;198,07;7,64;3;10;0,7;2,8;3,11;2,67;-4,24;-0,66;-1,06;-179,93;57,44
5880;13,9;-2,04;-0,74;9,84;1,66;58,72;0;0;0;347,5;4,6775699;51,8512917;-42,51;198,07;7,64;3;10;0,7;2,8;3,11;2,67;-4,23;-1,18;-1,07;-179,93;57,39
5890;13,8;-1,98;-1,02;9,92;0,97;58,72;0;0;0;347,5;4,6775699;51,8512917;-42,51;198,07;7,64;3;10;0,7;2,8;3,11;2,67;-4,22;-1,32;-1,09;-179,93;57,34
5900;13,9;-1,27;-0,81;9,94;2,25;58,72;0;0;0;347,5;4,6775699;51,8512917;-42,51;198,07;7,64;3;10;0,7;2,8;3,11;2,67;-4,21;-1,26;-1,11;-179,93;57,30
5910;13,8;-1,85;-0,52;9,89;2,59;58,72;0;0;0;347,5;4,6775699;51,8512917;-42,51;198,07;7,64;3;10;0,7;2,8;3,11;2,67;-4,19;-0,55;-1,06;-179,93;57,28
5920;13,8;-2,33;-0,57;9,64;1,09;58,72;0;0;0;347,5;4,6775699;51,8512917;-42,51;198,07;7,64;3;10;0,7;2,8;3,11;2,67;-4,17;-1,14;-1,06;-179,93;57,24
5930;13,8;-1,87;-0,46;9,92;1,17;58,72;0;0;0;347,5;4,6775699;51,8512917;-42,51;198,07;7,64;3;10;0,7;2,8;3,11;2,67;-4,16;-1,62;-1,12;-179,93;57,18
5940;13,9;-1,48;-0,58;10,01;1,91;58,72;0;0;0;347,5;4,6775699;51,8512917;-42,51;198,07;7,64;3;10;0,7;2,8;3,11;2,67;-4,15;-1,16;-1,12;-179,93;57,13
5950;13,8;-1,95;-0,76;9,89;1,38;58,72;0;0;0;347,5;4,6775699;51,8512917;-42,51;198,07;7,64;3;10;0,7;2,8;3,11;2,67;-4,14;-0,77;-1,09;-179,93;57,10
5960;13,8;-1,77;-0,90;9,35;1,79;58,72;0;0;0;347,5;4,6775699;51,8512917;-42,51;198,07;7,64;3;10;0,7;2,8;3,11;2,67;-4,13;-1,25;-1,10;-179,93;57,06
5970;13,9;-1,85;-0,82;9,47;3,04;58,72;0;0;0;347,5;4,6775699;51,8512917;-42,51;198,07;7,64;3;10;0,7;2,8;3,11;2,67;-4,11;-1,07;-1,10;-179,93;57,02
5980;13,9;-2,04;-0,27;9,46;1,34;58,72;0;0;0;347,5;4,6775699;51,8512917;-42,51;198,07;7,64;3;10;0,7;2,8;3,11;2,67;-4,08;-1,16;-1,11;-179,93;56,98
5990;13,8;-1,66;-0,82;9,64;0,64;58,72;0;0;0;347,5;4,6775599;51,8513184;-43,18;200,73;7,64;3;10;0,7;2,8;3,11;2,67;-4,07;-1,35;-1,13;-179,93;56,94
6000;13,9;-1,58;-0,75;9,45;1,32;57,82;0;0;0;347,6;4,6775599;51,8513184;-43,18;200,73;7,61;3;10;0,7;2,8;3,11;2,67;-4,07;-0,97;-1,11;-179,90;56,90
6010;13,9;-1,34;-0,37;9,54;2,58;57,82;0;0;0;347,6;4,6775599;51,8513184;-43,18;200,73;7,61;3;10;0,7;2,8;3,11;2,67;-4,06;-0,88;-1,09;-179,90;56,87
6020;13,8;-2,00;-0,54;9,88;2,76;57,82;0;0;0;347,6;4,6775599;51,8513184;-43,18;200,73;7,61;3;10;0,7;2,8;3,11;2,67;-4,04;-0,66;-1,05;-179,90;56,85
6030;13,8;-1,66;-0,32;9,54;2,25;57,82;0;0;0;347,6;4,6775599;51,8513184;-43,18;200,73;7,61;3;10;0,7;2,8;3,11;2,67;-4,01;-1,31;-1,07;-179,90;56,81
6040;13,9;-2,16;-0,89;9,52;0,63;57,82;0;0;0;347,6;4,6775599;51,8513184;-43,18;200,73;7,61;3;10;0,7;2,8;3,11;2,67;-3,99;-0,98;-1,06;-179,90;56,77
6050;13,8;-2,27;-0,57;9,54;-0,47;57,82;0;0;0;347,6;4,6775599;51,8513184;-43,18;200,73;7,61;3;10;0,7;2,8;3,11;2,67;-3,99;-1,48;-1,11;-179,90;56,72
6060;13,8;-1,55;-0,52;9,26;-0,45;57,82;0;0;0;347,6;4,6775599;51,8513184;-43,18;200,73;7,61;3;10;0,7;2,8;3,11;2,67;-4,00;-1,58;-1,15;-179,90;56,66
6070;13,9;-1,83;-0,52;9,27;-0,89;57,82;0;0;0;347,6;4,6775599;51,8513184;-43,18;200,73;7,61;3;10;0,7;2,8;3,11;2,67;-4,00;-0,86;-1,12;-179,90;56,63
6080;13,8;-1,79;0,05;9,19;-0,52;57,82;0;0;0;347,6;4,6775599;51,8513184;-43,18;200,73;7,61;3;10;0,7;2,8;3,11;2,67;-4,02;-1,15;-1,13;-179,90;56,58
6090;13,8;-2,00;-0,42;9,41;-0,38;57,82;0;0;0;347,6;4,6775599;51,8513184;-43,18;200,73;7,61;3;10;0,7;2,8;3,11;2,67;-4,02;-1,10;-1,12;-179,90;56,54
6100;13,9;-1,97;-1,18;10,03;-0,03;57,82;0;0;0;347,6;4,6775599;51,8513184;-43,18;200,73;7,61;3;10;0,7;2,8;3,11;2,67;-4,03;-1,31;-1,14;-179,90;56,49
6110;13,9;-2,07;-1,04;9,68;-2,88;57,82;0;0;0;347,6;4,6775599;51,8513184;-43,18;200,73;7,61;3;10;0,7;2,8;3,11;2,67;-4,03;-1,28;-1,16;-179,90;56,44
6120;13,8;-2,15;-1,11;9,56;-3,30;57,82;0;0;0;347,6;4,6775599;51,8513184;-43,18;200,73;7,61;3;10;0,7;2,8;3,11;2,67;-4,07;-1,38;-1,18;-179,90;56,39
6130;13,8;-1,53;-0,91;9,48;-2,92;57,82;0;0;0;347,6;4,6775599;51,8513184;-43,18;200,73;7,61;3;10;0,7;2,8;3,11;2,67;-4,10;-1,45;-1,21;-179,90;56,33
6140;13,9;-2,11;-0,61;9,53;-3,71;57,82;0;0;0;347,6;4,6775599;51,8513184;-43,18;200,73;7,61;3;10;0,7;2,8;3,11;2,67;-4,13;-0,82;-1,17;-179,90;56,30
6150;13,8;-2,04;-0,77;8,92;-3,66;57,82;0;0;0;347,6;4,6775599;51,8513184;-43,18;200,73;7,61;3;10;0,7;2,8;3,11;2,67;-4,17;-1,40;-1,19;-179,90;56,25
6160;13,8;-2,28;-1,15;9,19;-3,82;57,82;0;0;0;347,6;4,6775599;51,8513184;-43,18;200,73;7,61;3;10;0,7;2,8;3,11;2,67;-4,21;-1,33;-1,20;-179,90;56,20
6170;13,9;-1,81;-0,35;9,39;-3,46;57,82;0;0;0;347,6;4,6775599;51,8513184;-43,18;200,73;7,61;3;10;0,7;2,8;3,11;2,67;-4,25;-1,55;-1,24;-179,90;56,14
6180;13,8;-2,34;0,13;9,23;-6,39;57,82;0;0;0;347,6;4,6775503;51,8513489;-43,86;204,15;7,61;3;10;0,7;2,8;3,11;2,67;-4,29;-1,07;-1,22;-179,90;56,11
6190;13,8;-1,68;0,03;9,20;-2,27;57,10;0;0;0;347,5;4,6775503;51,8513489;-43,86;204,15;7,59;3;10;0,7;2,8;3,11;2,67;-4,36;-1,60;-1,26;-179,90;56,05
6200;13,9;-1,74;-0,49;9,55;0,21;57,10;0;0;0;347,5;4,6775503;51,8513489;-43,86;204,15;7,59;3;10;0,7;2,8;3,11;2,67;-4,38;-0,93;-1,23;-179,91;56,01
6210;13,9;-2,74;-0,14;9,07;-3,15;57,10;0;0;0;347,5;4,6775503;51,8513489;-43,86;204,15;7,59;3;10;0,7;2,8;3,11;2,67;-4,38;-0,99;-1,20;-179,91;55,98
6220;13,8;-1,78;-0,81;9,37;-1,29;57,10;0;0;0;347,5;4,6775503;51,8513489;-43,86;204,15;7,59;3;10;0,7;2,8;3,11;2,67;-4,42;-1,99;-1,28;-179,91;55,91
6230;13,8;-2,24;-0,96;9,99;-0,50;57,10;0;0;0;347,5;4,6775503;51,8513489;-43,86;204,15;7,59;3;10;0,7;2,8;3,11;2,67;-4,43;-1,02;-1,26;-179,91;55,87
6240;13,8;-1,93;-0,62;10,06;-0,84;57,10;0;0;0;347,5;4,6775503;51,8513489;-43,86;204,15;7,59;3;10;0,7;2,8;3,11;2,67;-4,44;-1,48;-1,28;-179,91;55,82
6250;13,8;-1,63;-0,65;9,63;-0,43;57,10;0;0;0;347,5;4,6775503;51,8513489;-43,86;204,15;7,59;3;10;0,7;2,8;3,11;2,67;-4,45;-1,17;-1,27;-179,91;55,78
6260;13,8;-2,45;-1,09;9,73;-1,73;57,10;0;0;0;347,5;4,6775503;51,8513489;-43,86;204,15;7,59;3;10;0,7;2,8;3,11;2,67;-4,46;-0,87;-1,23;-179,91;55,74
6270;13,8;-2,51;-0,52;9,68;-1,67;57,10;0;0;0;347,5;4,6775503;51,8513489;-43,86;204,15;7,59;3;10;0,7;2,8;3,11;2,67;-4,48;-1,68;-1,27;-179,91;55,68
6280;13,8;-2,26;-0,88;9,66;-0,52;57,10;0;0;0;347,5;4,6775503;51,8513489;-43,86;204,15;7,59;3;10;0,7;2,8;3,11;2,67;-4,50;-1,75;-1,32;-179,91;55,61
