FILE NAME;004_22306_010116_000000.CSV
HASHCODE;E30448650ECA4F1B5315D90E326C2A238277B6D913ED475E25C54A83AA79C37F
GYRO CAL;-0,000;0,884;0,013;-0,862
ACCEL LONG CAL;1,002;-0,057
ACCEL LAT CAL;1,012;0,040
ACCEL VERT CAL;1,003;-0,003
START OF MEASUREMENT;01/01/2016;00:00:00;GMT+00:00
END OF MEASUREMENT;01/01/2016;00:00:00;GMT+00:00
STANDARD CONFIG;LOGGER AND DISPLAY NON-STANDARD
ERROR DURING TEST;NOT LEVEL X;LOGGING STARTED WITHOUT GPS
UNIT SERIAL;22306
TOTAL TIME;    4250;[mS]
TIME GPS SPEED WENT OVER 2KPH;        ;[mS]
TIME GPS SPEED WENT UNDER 2KPH;        ;[mS]
PEAK GPS SPEED;  0,00;[kph]
TIME OF PEAK GPS SPEED;       0;[mS]
PEAK SPEED;  0,00;[kph]
TIME OF PEAK SPEED;       0;[mS]
TIME ACC WENT OVER 1m/s/s;       0;[mS]
PEAK ACC; 10,29;[m/s/s]
TIME OF PEAK ACC;    3920;[mS]
PEAK PITCH;   0,00;[deg]
TIME OF PEAK PITCH;       0;[mS]
PEAK SLIP;   0,00;[deg]
TIME OF PEAK SLIP;       0;[mS]
AVERAGE LONG ACCEL AT START; -9,96;[m/s/s]
AVERAGE LAT ACCEL AT START; -0,09;[m/s/s]
AVERAGE VERT ACCEL AT START; -0,09;[m/s/s]
AVERAGE PITCH RATE AT START;  -0,02;[deg/s]
AVERAGE LONG ACCEL AT END; -9,96;[m/s/s]
AVERAGE LAT ACCEL AT END; -0,09;[m/s/s]
AVERAGE VERT ACCEL AT END; -0,09;[m/s/s]
AVERAGE PITCH RATE AT END;   0,07;[deg/s]


                                                                                                                                                                                                                                                                                                                                                                                                                                                                                                                                                                                                                                                                                                                                                                                                                                                                                                                                                                                                                                                                                                                                                                                                                                                                                                                                                                                                                                                                                                                                                                                                                                                                                                                                                                                                                                                                                                                                                                                                                                                                                                                                                                                                                                                                                                                                                                                                                                                                                                                                                                                                                                                                                                                                                                                                                                                                                                                                     

TIME;POWER;LONG ACCEL;LAT ACCEL;VERT ACCEL;PITCH RATE;GPS SPEED;BRAKE LIGHT;PEDAL FORCE ;PULL FORCE ;GPS HEADING;GPS LONGITUDE;GPS LATITUDE;GPS X POSITION;GPS Y POSITION;GPS ALTITUDE ;STATUS;GPS SAT COUNT;GPS SPEED ACC;GPS POS ACC;INITIAL PITCH;INITIAL ROLL;PROCESSED PITCH;PROCESSED ACCEL;FILTERED PROCESSED ACCEL;SLIP ANGLE;PROCESSED SPEED
[mS];[V];[m/s/s];[m/s/s];[m/s/s];[deg/s];[km/h];[-];[N];[N];[deg];[deg];[deg];[m];[m];[m];[-];[-];[km/h];[m];[deg];[deg];[deg];[m/s/s];[m/s/s];[deg];[km/h]


0;12,3;-9,97;-0,09;-0,09;-0,23;0,00;0;0;0;0,0;0,0000000;90,0000000;0,00;0,00;487,19;0;0;9999;9999;0,00;0,53;0,00;0,00;0,00;0,00;0,00
10;12,3;-9,97;-0,10;-0,09;-0,16;0,00;0;0;0;0,0;0,0000000;90,0000000;0,00;0,00;487,19;0;0;9999;9999;0,00;0,54;0,00;0,00;0,00;0,00;0,00
20;12,3;-9,96;-0,09;-0,09;-0,17;0,00;0;0;0;0,0;0,0000000;90,0000000;0,00;0,00;487,19;0;0;9999;9999;0,00;0,57;0,00;0,00;0,00;0,00;0,00
30;12,3;-9,97;-0,09;-0,09;-0,06;0,00;0;0;0;0,0;0,0000000;90,0000000;0,00;0,00;487,19;0;0;9999;9999;0,00;0,56;0,00;0,00;0,00;0,00;0,00
40;12,3;-9,96;-0,09;-0,09;-0,57;0,00;0;0;0;0,0;0,0000000;90,0000000;0,00;0,00;487,19;0;0;9999;9999;0,00;0,55;0,00;0,00;0,00;0,00;0,00
50;12,3;-9,97;-0,09;-0,09;-0,43;0,00;0;0;0;0,0;0,0000000;90,0000000;0,00;0,00;487,19;0;0;9999;9999;0,00;0,55;0,00;0,00;0,00;0,00;0,00
60;12,3;-9,97;-0,09;-0,09;-0,72;0,00;0;0;0;0,0;0,0000000;90,0000000;0,00;0,00;487,19;0;0;9999;9999;0,00;0,55;0,00;0,00;0,00;0,00;0,00
70;12,3;-9,96;-0,09;-0,09;-0,15;0,00;0;0;0;0,0;0,0000000;90,0000000;0,00;0,00;487,19;0;0;9999;9999;0,00;0,55;0,00;0,00;0,00;0,00;0,00
80;12,3;-9,96;-0,09;-0,09;0,06;0,00;0;0;0;0,0;0,0000000;90,0000000;0,00;0,00;487,19;0;0;9999;9999;0,00;0,55;0,00;0,00;0,00;0,00;0,00
90;12,3;-9,98;-0,09;-0,09;-0,22;0,00;0;0;0;0,0;0,0000000;90,0000000;0,00;0,00;487,19;0;0;9999;9999;0,00;0,55;0,00;0,00;0,00;0,00;0,00
100;12,3;-9,98;-0,08;-0,09;-0,38;0,00;0;0;0;0,0;0,0000000;90,0000000;0,00;0,00;487,19;0;0;9999;9999;0,00;0,55;0,00;0,00;0,00;0,00;0,00
110;12,3;-9,98;-0,07;-0,08;-0,40;0,00;0;0;0;0,0;0,0000000;90,0000000;0,00;0,00;487,19;0;0;9999;9999;0,00;0,54;0,00;0,00;0,00;0,00;0,00
120;12,3;-10,00;-0,07;-0,08;-0,33;0,00;0;0;0;0,0;0,0000000;90,0000000;0,00;0,00;487,19;0;0;9999;9999;0,00;0,53;0,00;0,00;0,00;0,00;0,00
130;12,3;-9,99;-0,18;-0,12;-0,54;0,00;0;0;0;0,0;0,0000000;90,0000000;0,00;0,00;487,19;0;0;9999;9999;0,00;0,52;0,00;0,00;0,00;0,00;0,00
140;12,3;-9,88;-0,07;-0,08;0,55;0,00;0;0;0;0,0;0,0000000;90,0000000;0,00;0,00;487,19;0;0;9999;9999;0,00;0,56;0,00;0,00;0,00;0,00;0,00
150;12,3;-10,02;-0,07;-0,08;0,29;0,00;0;0;0;0,0;0,0000000;90,0000000;0,00;0,00;487,19;0;0;9999;9999;0,00;0,55;0,00;0,00;0,00;0,00;0,00
160;12,3;-10,01;-0,12;-0,10;0,43;0,00;0;0;0;0,0;0,0000000;90,0000000;0,00;0,00;487,19;0;0;9999;9999;0,00;0,54;0,00;0,00;0,00;0,00;0,00
170;12,3;-9,95;-0,08;-0,08;0,39;0,00;0;0;0;0,0;0,0000000;90,0000000;0,00;0,00;487,19;0;0;9999;9999;0,00;0,55;0,00;0,00;0,00;0,00;0,00
180;12,3;-10,00;-0,12;-0,10;-0,23;0,00;0;0;0;0,0;0,0000000;90,0000000;0,00;0,00;487,19;0;0;9999;9999;0,00;0,55;0,00;0,00;0,00;0,00;0,00
190;12,3;-9,95;-0,11;-0,10;-0,12;0,00;0;0;0;0,0;0,0000000;90,0000000;0,00;0,00;487,19;0;0;9999;9999;0,00;0,56;0,00;0,00;0,00;0,00;0,00
200;12,3;-9,96;-0,11;-0,09;0,02;0,00;0;0;0;0,0;0,0000000;90,0000000;0,00;0,00;487,19;0;0;9999;9999;0,00;0,56;0,00;0,00;0,00;0,00;0,00
210;12,3;-9,96;-0,11;-0,10;0,12;0,00;0;0;0;0,0;0,0000000;90,0000000;0,00;0,00;487,19;0;0;9999;9999;0,00;0,57;0,00;0,00;0,00;0,00;0,00
220;12,3;-9,97;-0,12;-0,10;0,12;0,00;0;0;0;0,0;0,0000000;90,0000000;0,00;0,00;487,19;0;0;9999;9999;0,00;0,57;0,00;0,00;0,00;0,00;0,00
230;12,3;-9,95;-0,12;-0,10;0,32;0,00;0;0;0;0,0;0,0000000;90,0000000;0,00;0,00;487,19;0;0;9999;9999;0,00;0,58;0,00;0,00;0,00;0,00;0,00
240;12,3;-9,95;-0,11;-0,10;0,76;0,00;0;0;0;0,0;0,0000000;90,0000000;0,00;0,00;487,19;0;0;9999;9999;0,00;0,58;0,00;0,00;0,00;0,00;0,00
250;12,3;-9,97;-0,02;-0,07;0,59;0,00;0;0;0;0,0;0,0000000;90,0000000;0,00;0,00;487,19;0;0;9999;9999;0,00;0,58;0,00;0,00;0,00;0,00;0,00
260;12,3;-10,02;-0,05;-0,06;-0,16;0,00;0;0;0;0,0;0,0000000;90,0000000;0,00;0,00;487,19;0;0;9999;9999;0,00;0,57;0,00;0,00;0,00;0,00;0,00
270;12,3;-10,00;-0,11;-0,10;0,38;0,00;0;0;0;0,0;0,0000000;90,0000000;0,00;0,00;487,19;0;0;9999;9999;0,00;0,56;0,00;0,00;0,00;0,00;0,00
280;12,3;-9,95;-0,10;-0,10;0,06;0,00;0;0;0;0,0;0,0000000;90,0000000;0,00;0,00;487,19;0;0;9999;9999;0,00;0,56;0,00;0,00;0,00;0,00;0,00
290;12,3;-9,96;-0,11;-0,10;0,13;0,00;0;0;0;0,0;0,0000000;90,0000000;0,00;0,00;487,19;0;0;9999;9999;0,00;0,56;0,00;0,00;0,00;0,00;0,00
300;12,3;-9,95;-0,09;-0,10;0,27;0,00;0;0;0;0,0;0,0000000;90,0000000;0,00;0,00;487,19;0;0;9999;9999;0,00;0,57;0,00;0,00;0,00;0,00;0,00
310;12,3;-9,96;-0,10;-0,10;0,22;0,00;0;0;0;0,0;0,0000000;90,0000000;0,00;0,00;487,19;0;0;9999;9999;0,00;0,56;0,00;0,00;0,00;0,00;0,00
320;12,3;-9,97;-0,10;-0,09;0,06;0,00;0;0;0;0,0;0,0000000;90,0000000;0,00;0,00;487,19;0;0;9999;9999;0,00;0,57;0,00;0,00;0,00;0,00;0,00
330;12,3;-9,97;-0,09;-0,09;0,05;0,00;0;0;0;0,0;0,0000000;90,0000000;0,00;0,00;487,19;0;0;9999;9999;0,00;0,57;0,00;0,00;0,00;0,00;0,00
340;12,3;-9,97;-0,09;-0,09;0,11;0,00;0;0;0;0,0;0,0000000;90,0000000;0,00;0,00;487,19;0;0;9999;9999;0,00;0,57;0,00;0,00;0,00;0,00;0,00
350;12,3;-9,97;-0,09;-0,09;-0,23;0,00;0;0;0;0,0;0,0000000;90,0000000;0,00;0,00;487,19;0;0;9999;9999;0,00;0,57;0,00;0,00;0,00;0,00;0,00
360;12,3;-9,97;-0,09;-0,09;-0,21;0,00;0;0;0;0,0;0,0000000;90,0000000;0,00;0,00;487,19;0;0;9999;9999;0,00;0,56;0,00;0,00;0,00;0,00;0,00
370;12,3;-9,97;-0,09;-0,09;-0,01;0,00;0;0;0;0,0;0,0000000;90,0000000;0,00;0,00;487,19;0;0;9999;9999;0,00;0,56;0,00;0,00;0,00;0,00;0,00
380;12,3;-9,97;-0,09;-0,09;0,17;0,00;0;0;0;0,0;0,0000000;90,0000000;0,00;0,00;487,19;0;0;9999;9999;0,00;0,56;0,00;0,00;0,00;0,00;0,00
390;12,3;-9,97;-0,09;-0,09;0,13;0,00;0;0;0;0,0;0,0000000;90,0000000;0,00;0,00;487,19;0;0;9999;9999;0,00;0,56;0,00;0,00;0,00;0,00;0,00
400;12,3;-9,96;-0,09;-0,09;0,22;0,00;0;0;0;0,0;0,0000000;90,0000000;0,00;0,00;487,19;0;0;9999;9999;0,00;0,56;0,00;0,00;0,00;0,00;0,00
410;12,3;-9,96;-0,09;-0,09;-0,27;0,00;0;0;0;0,0;0,0000000;90,0000000;0,00;0,00;487,19;0;0;9999;9999;0,00;0,56;0,00;0,00;0,00;0,00;0,00
420;12,3;-9,97;-0,09;-0,09;-0,04;0,00;0;0;0;0,0;0,0000000;90,0000000;0,00;0,00;487,19;0;0;9999;9999;0,00;0,56;0,00;0,00;0,00;0,00;0,00
430;12,3;-9,96;-0,09;-0,09;0,20;0,00;0;0;0;0,0;0,0000000;90,0000000;0,00;0,00;487,19;0;0;9999;9999;0,00;0,56;0,00;0,00;0,00;0,00;0,00
440;12,3;-9,98;-0,09;-0,09;-0,27;0,00;0;0;0;0,0;0,0000000;90,0000000;0,00;0,00;487,19;0;0;9999;9999;0,00;0,56;0,00;0,00;0,00;0,00;0,00
450;12,3;-9,96;-0,09;-0,09;0,07;0,00;0;0;0;0,0;0,0000000;90,0000000;0,00;0,00;487,19;0;0;9999;9999;0,00;0,56;0,00;0,00;0,00;0,00;0,00
460;12,3;-9,97;-0,09;-0,09;0,05;0,00;0;0;0;0,0;0,0000000;90,0000000;0,00;0,00;487,19;0;0;9999;9999;0,00;0,56;0,00;0,00;0,00;0,00;0,00
470;12,3;-9,97;-0,09;-0,09;-0,32;0,00;0;0;0;0,0;0,0000000;90,0000000;0,00;0,00;487,19;0;0;9999;9999;0,00;0,56;0,00;0,00;0,00;0,00;0,00
480;12,3;-9,99;-0,09;-0,09;-0,06;0,00;0;0;0;0,0;0,0000000;90,0000000;0,00;0,00;487,19;0;0;9999;9999;0,00;0,56;0,00;0,00;0,00;0,00;0,00
490;12,3;-9,96;-0,09;-0,09;0,20;0,00;0;0;0;0,0;0,0000000;90,0000000;0,00;0,00;487,19;0;0;9999;9999;0,00;0,56;0,00;0,00;0,00;0,00;0,00
500;12,3;-9,95;-0,09;-0,09;-0,18;0,00;0;0;0;0,0;0,0000000;90,0000000;0,00;0,00;487,19;0;0;9999;9999;0,00;0,56;0,00;0,00;0,00;0,00;0,00
510;12,3;-9,96;-0,09;-0,09;0,25;0,00;0;0;0;0,0;0,0000000;90,0000000;0,00;0,00;487,19;0;0;9999;9999;0,00;0,56;0,00;0,00;0,00;0,00;0,00
520;12,3;-9,97;-0,09;-0,09;0,07;0,00;0;0;0;0,0;0,0000000;90,0000000;0,00;0,00;487,19;0;0;9999;9999;0,00;0,56;0,00;0,00;0,00;0,00;0,00
530;12,3;-9,97;-0,09;-0,09;-0,15;0,00;0;0;0;0,0;0,0000000;90,0000000;0,00;0,00;487,19;0;0;9999;9999;0,00;0,56;0,00;0,00;0,00;0,00;0,00
540;12,3;-9,96;-0,09;-0,09;-0,07;0,00;0;0;0;0,0;0,0000000;90,0000000;0,00;0,00;487,19;0;0;9999;9999;0,00;0,56;0,00;0,00;0,00;0,00;0,00
550;12,3;-9,97;-0,09;-0,09;0,34;0,00;0;0;0;0,0;0,0000000;90,0000000;0,00;0,00;487,19;0;0;9999;9999;0,00;0,56;0,00;0,00;0,00;0,00;0,00
560;12,3;-9,97;-0,09;-0,09;0,13;0,00;0;0;0;0,0;0,0000000;90,0000000;0,00;0,00;487,19;0;0;9999;9999;0,00;0,56;0,00;0,00;0,00;0,00;0,00
570;12,3;-9,98;-0,09;-0,09;0,13;0,00;0;0;0;0,0;0,0000000;90,0000000;0,00;0,00;487,19;0;0;9999;9999;0,00;0,56;0,00;0,00;0,00;0,00;0,00
580;12,3;-9,97;-0,09;-0,09;-0,09;0,00;0;0;0;0,0;0,0000000;90,0000000;0,00;0,00;487,19;0;0;9999;9999;0,00;0,56;0,00;0,00;0,00;0,00;0,00
590;12,3;-9,97;-0,09;-0,09;0,17;0,00;0;0;0;0,0;0,0000000;90,0000000;0,00;0,00;487,19;0;0;9999;9999;0,00;0,55;0,00;0,00;0,00;0,00;0,00
600;12,3;-9,96;-0,09;-0,09;0,00;0,00;0;0;0;0,0;0,0000000;90,0000000;0,00;0,00;487,19;0;0;9999;9999;0,00;0,55;0,00;0,00;0,00;0,00;0,00
610;12,3;-9,98;-0,09;-0,09;-0,38;0,00;0;0;0;0,0;0,0000000;90,0000000;0,00;0,00;487,19;0;0;9999;9999;0,00;0,55;0,00;0,00;0,00;0,00;0,00
620;12,3;-9,97;-0,09;-0,09;-0,17;0,00;0;0;0;0,0;0,0000000;90,0000000;0,00;0,00;487,19;0;0;9999;9999;0,00;0,55;0,00;0,00;0,00;0,00;0,00
630;12,3;-9,97;-0,09;-0,09;-0,11;0,00;0;0;0;0,0;0,0000000;90,0000000;0,00;0,00;487,19;0;0;9999;9999;0,00;0,55;0,00;0,00;0,00;0,00;0,00
640;12,3;-9,97;-0,09;-0,09;0,03;0,00;0;0;0;0,0;0,0000000;90,0000000;0,00;0,00;487,19;0;0;9999;9999;0,00;0,55;0,00;0,00;0,00;0,00;0,00
650;12,3;-9,97;-0,09;-0,09;0,06;0,00;0;0;0;0,0;0,0000000;90,0000000;0,00;0,00;487,19;0;0;9999;9999;0,00;0,55;0,00;0,00;0,00;0,00;0,00
660;12,3;-9,97;-0,09;-0,09;0,36;0,00;0;0;0;0,0;0,0000000;90,0000000;0,00;0,00;487,19;0;0;9999;9999;0,00;0,55;0,00;0,00;0,00;0,00;0,00
670;12,3;-9,96;-0,09;-0,09;0,14;0,00;0;0;0;0,0;0,0000000;90,0000000;0,00;0,00;487,19;0;0;9999;9999;0,00;0,55;0,00;0,00;0,00;0,00;0,00
680;12,3;-9,97;-0,09;-0,09;-0,03;0,00;0;0;0;0,0;0,0000000;90,0000000;0,00;0,00;487,19;0;0;9999;9999;0,00;0,55;0,00;0,00;0,00;0,00;0,00
690;12,3;-9,96;-0,09;-0,09;-0,06;0,00;0;0;0;0,0;0,0000000;90,0000000;0,00;0,00;487,19;0;0;9999;9999;0,00;0,55;0,00;0,00;0,00;0,00;0,00
700;12,3;-9,97;-0,09;-0,09;-0,22;0,00;0;0;0;0,0;0,0000000;90,0000000;0,00;0,00;487,19;0;0;9999;9999;0,00;0,55;0,00;0,00;0,00;0,00;0,00
710;12,3;-9,97;-0,09;-0,09;-0,41;0,00;0;0;0;0,0;0,0000000;90,0000000;0,00;0,00;487,19;0;0;9999;9999;0,00;0,55;0,00;0,00;0,00;0,00;0,00
720;12,3;-9,95;-0,09;-0,09;-0,07;0,00;0;0;0;0,0;0,0000000;90,0000000;0,00;0,00;487,19;0;0;9999;9999;0,00;0,55;0,00;0,00;0,00;0,00;0,00
730;12,3;-9,96;-0,09;-0,09;0,01;0,00;0;0;0;0,0;0,0000000;90,0000000;0,00;0,00;487,19;0;0;9999;9999;0,00;0,55;0,00;0,00;0,00;0,00;0,00
740;12,3;-9,97;-0,09;-0,09;0,11;0,00;0;0;0;0,0;0,0000000;90,0000000;0,00;0,00;487,19;0;0;9999;9999;0,00;0,55;0,00;0,00;0,00;0,00;0,00
750;12,3;-9,97;-0,10;-0,09;-0,06;0,00;0;0;0;0,0;0,0000000;90,0000000;0,00;0,00;487,19;0;0;9999;9999;0,00;0,55;0,00;0,00;0,00;0,00;0,00
760;12,3;-9,96;-0,09;-0,09;-0,05;0,00;0;0;0;0,0;0,0000000;90,0000000;0,00;0,00;487,19;0;0;9999;9999;0,00;0,55;0,00;0,00;0,00;0,00;0,00
770;12,3;-9,96;-0,09;-0,09;0,00;0,00;0;0;0;0,0;0,0000000;90,0000000;0,00;0,00;487,19;0;0;9999;9999;0,00;0,55;0,00;0,00;0,00;0,00;0,00
780;12,3;-9,95;-0,09;-0,09;0,24;0,00;0;0;0;0,0;0,0000000;90,0000000;0,00;0,00;487,19;0;0;9999;9999;0,00;0,55;0,00;0,00;0,00;0,00;0,00
790;12,3;-9,97;-0,09;-0,09;0,13;0,00;0;0;0;0,0;0,0000000;90,0000000;0,00;0,00;487,19;0;0;9999;9999;0,00;0,55;0,00;0,00;0,00;0,00;0,00
800;12,3;-9,97;-0,08;-0,08;-0,02;0,00;0;0;0;0,0;0,0000000;90,0000000;0,00;0,00;487,19;0;0;9999;9999;0,00;0,55;0,00;0,00;0,00;0,00;0,00
810;12,3;-9,97;-0,10;-0,10;0,03;0,00;0;0;0;0,0;0,0000000;90,0000000;0,00;0,00;487,19;0;0;9999;9999;0,00;0,55;0,00;0,00;0,00;0,00;0,00
820;12,3;-9,96;-0,09;-0,09;0,07;0,00;0;0;0;0,0;0,0000000;90,0000000;0,00;0,00;487,19;0;0;9999;9999;0,00;0,55;0,00;0,00;0,00;0,00;0,00
830;12,3;-9,98;-0,08;-0,08;0,16;0,00;0;0;0;0,0;0,0000000;90,0000000;0,00;0,00;487,19;0;0;9999;9999;0,00;0,55;0,00;0,00;0,00;0,00;0,00
840;12,3;-9,97;-0,09;-0,09;0,18;0,00;0;0;0;0,0;0,0000000;90,0000000;0,00;0,00;487,19;0;0;9999;9999;0,00;0,55;0,00;0,00;0,00;0,00;0,00
850;12,3;-9,97;-0,09;-0,09;-0,23;0,00;0;0;0;0,0;0,0000000;90,0000000;0,00;0,00;487,19;0;0;9999;9999;0,00;0,55;0,00;0,00;0,00;0,00;0,00
860;12,3;-9,98;-0,09;-0,09;-0,03;0,00;0;0;0;0,0;0,0000000;90,0000000;0,00;0,00;487,19;0;0;9999;9999;0,00;0,55;0,00;0,00;0,00;0,00;0,00
870;12,3;-9,98;-0,09;-0,09;-0,05;0,00;0;0;0;0,0;0,0000000;90,0000000;0,00;0,00;487,19;0;0;9999;9999;0,00;0,55;0,00;0,00;0,00;0,00;0,00
880;12,3;-9,97;-0,09;-0,09;-0,16;0,00;0;0;0;0,0;0,0000000;90,0000000;0,00;0,00;487,19;0;0;9999;9999;0,00;0,55;0,00;0,00;0,00;0,00;0,00
890;12,3;-9,97;-0,09;-0,09;-0,05;0,00;0;0;0;0,0;0,0000000;90,0000000;0,00;0,00;487,19;0;0;9999;9999;0,00;0,55;0,00;0,00;0,00;0,00;0,00
900;12,3;-9,97;-0,09;-0,09;-0,17;0,00;0;0;0;0,0;0,0000000;90,0000000;0,00;0,00;487,19;0;0;9999;9999;0,00;0,55;0,00;0,00;0,00;0,00;0,00
910;12,3;-9,96;-0,09;-0,09;-0,24;0,00;0;0;0;0,0;0,0000000;90,0000000;0,00;0,00;487,19;0;0;9999;9999;0,00;0,55;0,00;0,00;0,00;0,00;0,00
920;12,3;-9,97;-0,09;-0,09;-0,14;0,00;0;0;0;0,0;0,0000000;90,0000000;0,00;0,00;487,19;0;0;9999;9999;0,00;0,55;0,00;0,00;0,00;0,00;0,00
930;12,3;-9,97;-0,09;-0,09;-0,23;0,00;0;0;0;0,0;0,0000000;90,0000000;0,00;0,00;487,19;0;0;9999;9999;0,00;0,55;0,00;0,00;0,00;0,00;0,00
940;12,3;-9,96;-0,09;-0,09;-0,05;0,00;0;0;0;0,0;0,0000000;90,0000000;0,00;0,00;487,19;0;0;9999;9999;0,00;0,55;0,00;0,00;0,00;0,00;0,00
950;12,3;-9,97;-0,09;-0,09;0,03;0,00;0;0;0;0,0;0,0000000;90,0000000;0,00;0,00;487,19;0;0;9999;9999;0,00;0,55;0,00;0,00;0,00;0,00;0,00
960;12,3;-9,97;-0,09;-0,09;-0,32;0,00;0;0;0;0,0;0,0000000;90,0000000;0,00;0,00;487,19;0;0;9999;9999;0,00;0,55;0,00;0,00;0,00;0,00;0,00
970;12,3;-9,97;-0,09;-0,09;-0,31;0,00;0;0;0;0,0;0,0000000;90,0000000;0,00;0,00;487,19;0;0;9999;9999;0,00;0,55;0,00;0,00;0,00;0,00;0,00
980;12,3;-9,96;-0,09;-0,09;-0,14;0,00;0;0;0;0,0;0,0000000;90,0000000;0,00;0,00;487,19;0;0;9999;9999;0,00;0,55;0,00;0,00;0,00;0,00;0,00
990;12,3;-9,96;-0,09;-0,09;-0,09;0,00;0;0;0;0,0;0,0000000;90,0000000;0,00;0,00;487,19;0;0;9999;9999;0,00;0,55;0,00;0,00;0,00;0,00;0,00
1000;12,3;-9,97;-0,09;-0,09;-0,19;0,00;0;0;0;0,0;0,0000000;90,0000000;0,00;0,00;487,19;0;0;9999;9999;0,00;0,55;0,00;0,00;0,00;0,00;0,00
1010;12,3;-9,97;-0,09;-0,09;0,16;0,00;0;0;0;0,0;0,0000000;90,0000000;0,00;0,00;487,19;0;0;9999;9999;0,00;0,55;0,00;0,00;0,00;0,00;0,00
1020;12,3;-9,97;-0,09;-0,09;-0,22;0,00;0;0;0;0,0;0,0000000;90,0000000;0,00;0,00;487,19;0;0;9999;9999;0,00;0,55;0,00;0,00;0,00;0,00;0,00
1030;12,3;-9,97;-0,09;-0,09;0,21;0,00;0;0;0;0,0;0,0000000;90,0000000;0,00;0,00;487,19;0;0;9999;9999;0,00;0,55;0,00;0,00;0,00;0,00;0,00
1040;12,3;-9,97;-0,09;-0,09;0,22;0,00;0;0;0;0,0;0,0000000;90,0000000;0,00;0,00;487,19;0;0;9999;9999;0,00;0,55;0,00;0,00;0,00;0,00;0,00
1050;12,3;-9,97;-0,09;-0,09;-0,07;0,00;0;0;0;0,0;0,0000000;90,0000000;0,00;0,00;487,19;0;0;9999;9999;0,00;0,55;0,00;0,00;0,00;0,00;0,00
1060;12,3;-9,97;-0,09;-0,09;0,06;0,00;0;0;0;0,0;0,0000000;90,0000000;0,00;0,00;487,19;0;0;9999;9999;0,00;0,55;0,00;0,00;0,00;0,00;0,00
1070;12,3;-9,97;-0,09;-0,09;-0,13;0,00;0;0;0;0,0;0,0000000;90,0000000;0,00;0,00;487,19;0;0;9999;9999;0,00;0,55;0,00;0,00;0,00;0,00;0,00
1080;12,3;-9,97;-0,08;-0,08;-0,21;0,00;0;0;0;0,0;0,0000000;90,0000000;0,00;0,00;487,19;0;0;9999;9999;0,00;0,55;0,00;0,00;0,00;0,00;0,00
1090;12,3;-9,98;-0,07;-0,09;-0,35;0,00;0;0;0;0,0;0,0000000;90,0000000;0,00;0,00;487,19;0;0;9999;9999;0,00;0,55;0,00;0,00;0,00;0,00;0,00
1100;12,3;-9,99;-0,03;-0,06;-0,75;0,00;0;0;0;0,0;0,0000000;90,0000000;0,00;0,00;487,19;0;0;9999;9999;0,00;0,55;0,00;0,00;0,00;0,00;0,00
1110;12,3;-10,03;-0,27;-0,18;-1,87;0,00;0;0;0;0,0;0,0000000;90,0000000;0,00;0,00;487,19;0;0;9999;9999;0,00;0,55;0,00;0,00;0,00;0,00;0,00
1120;12,3;-9,74;-0,14;-0,11;-0,37;0,00;0;0;0;0,0;0,0000000;90,0000000;0,00;0,00;487,19;0;0;9999;9999;0,00;0,55;0,00;0,00;0,00;0,00;0,00
1130;12,3;-9,92;-0,12;-0,09;0,13;0,00;0;0;0;0,0;0,0000000;90,0000000;0,00;0,00;487,19;0;0;9999;9999;0,00;0,55;0,00;0,00;0,00;0,00;0,00
1140;12,3;-9,96;-0,17;-0,13;-0,49;0,00;0;0;0;0,0;0,0000000;90,0000000;0,00;0,00;487,19;0;0;9999;9999;0,00;0,55;0,00;0,00;0,00;0,00;0,00
1150;12,3;-9,85;-0,11;-0,10;-0,55;0,00;0;0;0;0,0;0,0000000;90,0000000;0,00;0,00;487,19;0;0;9999;9999;0,00;0,55;0,00;0,00;0,00;0,00;0,00
1160;12,3;-9,97;-0,12;-0,11;-0,15;0,00;0;0;0;0,0;0,0000000;90,0000000;0,00;0,00;487,19;0;0;9999;9999;0,00;0,55;0,00;0,00;0,00;0,00;0,00
1170;12,3;-9,94;-0,12;-0,11;-0,21;0,00;0;0;0;0,0;0,0000000;90,0000000;0,00;0,00;487,19;0;0;9999;9999;0,00;0,55;0,00;0,00;0,00;0,00;0,00
1180;12,3;-9,92;-0,10;-0,10;0,29;0,00;0;0;0;0,0;0,0000000;90,0000000;0,00;0,00;487,19;0;0;9999;9999;0,00;0,55;0,00;0,00;0,00;0,00;0,00
1190;12,3;-9,99;-0,10;-0,09;0,25;0,00;0;0;0;0,0;0,0000000;90,0000000;0,00;0,00;487,19;0;0;9999;9999;0,00;0,55;0,00;0,00;0,00;0,00;0,00
1200;12,3;-9,97;-0,11;-0,09;-0,29;0,00;0;0;0;0,0;0,0000000;90,0000000;0,00;0,00;487,19;0;0;9999;9999;0,00;0,55;0,00;0,00;0,00;0,00;0,00
1210;12,3;-9,98;-0,11;-0,10;-0,27;0,00;0;0;0;0,0;0,0000000;90,0000000;0,00;0,00;487,19;0;0;9999;9999;0,00;0,55;0,00;0,00;0,00;0,00;0,00
1220;12,3;-9,96;-0,11;-0,09;0,03;0,00;0;0;0;0,0;0,0000000;90,0000000;0,00;0,00;487,19;0;0;9999;9999;0,00;0,55;0,00;0,00;0,00;0,00;0,00
1230;12,3;-9,96;-0,09;-0,07;0,09;0,00;0;0;0;0,0;0,0000000;90,0000000;0,00;0,00;487,19;0;0;9999;9999;0,00;0,55;0,00;0,00;0,00;0,00;0,00
1240;12,3;-10,02;-0,10;-0,08;-0,31;0,00;0;0;0;0,0;0,0000000;90,0000000;0,00;0,00;487,19;0;0;9999;9999;0,00;0,55;0,00;0,00;0,00;0,00;0,00
1250;12,3;-9,99;-0,12;-0,10;-0,27;0,00;0;0;0;0,0;0,0000000;90,0000000;0,00;0,00;487,19;0;0;9999;9999;0,00;0,55;0,00;0,00;0,00;0,00;0,00
1260;12,3;-9,95;-0,12;-0,10;-0,44;0,00;0;0;0;0,0;0,0000000;90,0000000;0,00;0,00;487,19;0;0;9999;9999;0,00;0,55;0,00;0,00;0,00;0,00;0,00
1270;12,3;-9,95;-0,11;-0,10;-0,55;0,00;0;0;0;0,0;0,0000000;90,0000000;0,00;0,00;487,19;0;0;9999;9999;0,00;0,55;0,00;0,00;0,00;0,00;0,00
1280;12,3;-9,96;-0,10;-0,08;-0,88;0,00;0;0;0;0,0;0,0000000;90,0000000;0,00;0,00;487,19;0;0;9999;9999;0,00;0,55;0,00;0,00;0,00;0,00;0,00
1290;12,3;-9,99;-0,11;-0,09;-2,09;0,00;0;0;0;0,0;0,0000000;90,0000000;0,00;0,00;487,19;0;0;9999;9999;0,00;0,55;0,00;0,00;0,00;0,00;0,00
1300;12,3;-10,00;-0,15;-0,15;-0,92;0,00;0;0;0;0,0;0,0000000;90,0000000;0,00;0,00;487,19;0;0;9999;9999;0,00;0,55;0,00;0,00;0,00;0,00;0,00
1310;12,3;-9,85;-0,09;-0,08;-0,55;0,00;0;0;0;0,0;0,0000000;90,0000000;0,00;0,00;487,19;0;0;9999;9999;0,00;0,55;0,00;0,00;0,00;0,00;0,00
1320;12,3;-10,03;-0,11;-0,10;-1,45;0,00;0;0;0;0,0;0,0000000;90,0000000;0,00;0,00;487,19;0;0;9999;9999;0,00;0,55;0,00;0,00;0,00;0,00;0,00
1330;12,3;-9,99;-0,12;-0,13;-0,41;0,00;0;0;0;0,0;0,0000000;90,0000000;0,00;0,00;487,19;0;0;9999;9999;0,00;0,55;0,00;0,00;0,00;0,00;0,00
1340;12,3;-9,94;-0,12;-0,12;-0,15;0,00;0;0;0;0,0;0,0000000;90,0000000;0,00;0,00;487,19;0;0;9999;9999;0,00;0,55;0,00;0,00;0,00;0,00;0,00
1350;12,3;-9,96;-0,12;-0,13;0,06;0,00;0;0;0;0,0;0,0000000;90,0000000;0,00;0,00;487,19;0;0;9999;9999;0,00;0,55;0,00;0,00;0,00;0,00;0,00
1360;12,3;-9,93;-0,11;-0,11;0,54;0,00;0;0;0;0,0;0,0000000;90,0000000;0,00;0,00;487,19;0;0;9999;9999;0,00;0,55;0,00;0,00;0,00;0,00;0,00
1370;12,3;-9,99;-0,11;-0,12;0,23;0,00;0;0;0;0,0;0,0000000;90,0000000;0,00;0,00;487,19;0;0;9999;9999;0,00;0,55;0,00;0,00;0,00;0,00;0,00
1380;12,3;-9,98;-0,11;-0,11;0,44;0,00;0;0;0;0,0;0,0000000;90,0000000;0,00;0,00;487,19;0;0;9999;9999;0,00;0,55;0,00;0,00;0,00;0,00;0,00
1390;12,3;-9,97;-0,11;-0,11;0,44;0,00;0;0;0;0,0;0,0000000;90,0000000;0,00;0,00;487,19;0;0;9999;9999;0,00;0,55;0,00;0,00;0,00;0,00;0,00
1400;12,3;-9,97;-0,11;-0,10;0,28;0,00;0;0;0;0,0;0,0000000;90,0000000;0,00;0,00;487,19;0;0;9999;9999;0,00;0,55;0,00;0,00;0,00;0,00;0,00
1410;12,3;-9,97;-0,12;-0,11;0,33;0,00;0;0;0;0,0;0,0000000;90,0000000;0,00;0,00;487,19;0;0;9999;9999;0,00;0,55;0,00;0,00;0,00;0,00;0,00
1420;12,3;-9,95;-0,12;-0,11;0,67;0,00;0;0;0;0,0;0,0000000;90,0000000;0,00;0,00;487,19;0;0;9999;9999;0,00;0,55;0,00;0,00;0,00;0,00;0,00
1430;12,3;-9,97;-0,12;-0,10;0,62;0,00;0;0;0;0,0;0,0000000;90,0000000;0,00;0,00;487,19;0;0;9999;9999;0,00;0,55;0,00;0,00;0,00;0,00;0,00
1440;12,3;-9,95;-0,11;-0,09;0,73;0,00;0;0;0;0,0;0,0000000;90,0000000;0,00;0,00;487,19;0;0;9999;9999;0,00;0,55;0,00;0,00;0,00;0,00;0,00
1450;12,3;-9,98;-0,10;-0,09;0,20;0,00;0;0;0;0,0;0,0000000;90,0000000;0,00;0,00;487,19;0;0;9999;9999;0,00;0,55;0,00;0,00;0,00;0,00;0,00
1460;12,3;-9,99;-0,11;-0,11;-0,11;0,00;0;0;0;0,0;0,0000000;90,0000000;0,00;0,00;487,19;0;0;9999;9999;0,00;0,55;0,00;0,00;0,00;0,00;0,00
1470;12,3;-9,96;-0,11;-0,11;-0,03;0,00;0;0;0;0,0;0,0000000;90,0000000;0,00;0,00;487,19;0;0;9999;9999;0,00;0,55;0,00;0,00;0,00;0,00;0,00
1480;12,3;-9,98;-0,11;-0,11;0,34;0,00;0;0;0;0,0;0,0000000;90,0000000;0,00;0,00;487,19;0;0;9999;9999;0,00;0,55;0,00;0,00;0,00;0,00;0,00
1490;12,3;-9,98;-0,11;-0,10;0,32;0,00;0;0;0;0,0;0,0000000;90,0000000;0,00;0,00;487,19;0;0;9999;9999;0,00;0,55;0,00;0,00;0,00;0,00;0,00
1500;12,3;-9,96;-0,11;-0,10;0,08;0,00;0;0;0;0,0;0,0000000;90,0000000;0,00;0,00;487,19;0;0;9999;9999;0,00;0,55;0,00;0,00;0,00;0,00;0,00
1510;12,3;-9,97;-0,11;-0,10;0,05;0,00;0;0;0;0,0;0,0000000;90,0000000;0,00;0,00;487,19;0;0;9999;9999;0,00;0,55;0,00;0,00;0,00;0,00;0,00
1520;12,3;-9,98;-0,11;-0,10;-0,19;0,00;0;0;0;0,0;0,0000000;90,0000000;0,00;0,00;487,19;0;0;9999;9999;0,00;0,55;0,00;0,00;0,00;0,00;0,00
1530;12,3;-9,96;-0,11;-0,10;0,04;0,00;0;0;0;0,0;0,0000000;90,0000000;0,00;0,00;487,19;0;0;9999;9999;0,00;0,55;0,00;0,00;0,00;0,00;0,00
1540;12,3;-9,95;-0,11;-0,10;0,18;0,00;0;0;0;0,0;0,0000000;90,0000000;0,00;0,00;487,19;0;0;9999;9999;0,00;0,55;0,00;0,00;0,00;0,00;0,00
1550;12,3;-9,96;-0,11;-0,10;0,24;0,00;0;0;0;0,0;0,0000000;90,0000000;0,00;0,00;487,19;0;0;9999;9999;0,00;0,55;0,00;0,00;0,00;0,00;0,00
1560;12,3;-9,95;-0,11;-0,10;0,23;0,00;0;0;0;0,0;0,0000000;90,0000000;0,00;0,00;487,19;0;0;9999;9999;0,00;0,55;0,00;0,00;0,00;0,00;0,00
1570;12,3;-9,96;-0,11;-0,10;0,25;0,00;0;0;0;0,0;0,0000000;90,0000000;0,00;0,00;487,19;0;0;9999;9999;0,00;0,55;0,00;0,00;0,00;0,00;0,00
1580;12,3;-9,97;-0,11;-0,10;0,36;0,00;0;0;0;0,0;0,0000000;90,0000000;0,00;0,00;487,19;0;0;9999;9999;0,00;0,55;0,00;0,00;0,00;0,00;0,00
1590;12,3;-9,98;-0,11;-0,10;0,17;0,00;0;0;0;0,0;0,0000000;90,0000000;0,00;0,00;487,19;0;0;9999;9999;0,00;0,55;0,00;0,00;0,00;0,00;0,00
1600;12,3;-9,96;-0,11;-0,10;0,03;0,00;0;0;0;0,0;0,0000000;90,0000000;0,00;0,00;487,19;0;0;9999;9999;0,00;0,55;0,00;0,00;0,00;0,00;0,00
1610;12,3;-9,96;-0,14;-0,13;-0,09;0,00;0;0;0;0,0;0,0000000;90,0000000;0,00;0,00;487,19;0;0;9999;9999;0,00;0,55;0,00;0,00;0,00;0,00;0,00
1620;12,3;-9,90;-0,13;-0,10;0,87;0,00;0;0;0;0,0;0,0000000;90,0000000;0,00;0,00;487,19;0;0;9999;9999;0,00;0,55;0,00;0,00;0,00;0,00;0,00
1630;12,3;-9,93;-0,12;-0,10;0,41;0,00;0;0;0;0,0;0,0000000;90,0000000;0,00;0,00;487,19;0;0;9999;9999;0,00;0,55;0,00;0,00;0,00;0,00;0,00
1640;12,3;-9,94;-0,11;-0,10;0,39;0,00;0;0;0;0,0;0,0000000;90,0000000;0,00;0,00;487,19;0;0;9999;9999;0,00;0,55;0,00;0,00;0,00;0,00;0,00
1650;12,3;-9,97;-0,11;-0,09;0,55;0,00;0;0;0;0,0;0,0000000;90,0000000;0,00;0,00;487,19;0;0;9999;9999;0,00;0,55;0,00;0,00;0,00;0,00;0,00
1660;12,3;-9,97;-0,10;-0,09;0,37;0,00;0;0;0;0,0;0,0000000;90,0000000;0,00;0,00;487,19;0;0;9999;9999;0,00;0,55;0,00;0,00;0,00;0,00;0,00
1670;12,3;-9,97;-0,11;-0,10;0,25;0,00;0;0;0;0,0;0,0000000;90,0000000;0,00;0,00;487,19;0;0;9999;9999;0,00;0,55;0,00;0,00;0,00;0,00;0,00
1680;12,3;-9,96;-0,16;-0,11;0,78;0,00;0;0;0;0,0;0,0000000;90,0000000;0,00;0,00;487,19;0;0;9999;9999;0,00;0,55;0,00;0,00;0,00;0,00;0,00
1690;12,3;-9,91;-0,13;-0,12;1,26;0,00;0;0;0;0,0;0,0000000;90,0000000;0,00;0,00;487,19;0;0;9999;9999;0,00;0,55;0,00;0,00;0,00;0,00;0,00
1700;12,3;-9,95;-0,01;-0,04;-0,24;0,00;0;0;0;0,0;0,0000000;90,0000000;0,00;0,00;487,19;0;0;9999;9999;0,00;0,55;0,00;0,00;0,00;0,00;0,00
1710;12,3;-10,01;-0,08;-0,14;0,21;0,00;0;0;0;0,0;0,0000000;90,0000000;0,00;0,00;487,19;0;0;9999;9999;0,00;0,55;0,00;0,00;0,00;0,00;0,00
1720;12,3;-9,90;-0,03;-0,06;0,40;0,00;0;0;0;0,0;0,0000000;90,0000000;0,00;0,00;487,19;0;0;9999;9999;0,00;0,55;0,00;0,00;0,00;0,00;0,00
1730;12,3;-10,00;-0,09;-0,09;-0,02;0,00;0;0;0;0,0;0,0000000;90,0000000;0,00;0,00;487,19;0;0;9999;9999;0,00;0,55;0,00;0,00;0,00;0,00;0,00
1740;12,3;-9,97;-0,07;-0,08;0,06;0,00;0;0;0;0,0;0,0000000;90,0000000;0,00;0,00;487,19;0;0;9999;9999;0,00;0,55;0,00;0,00;0,00;0,00;0,00
1750;12,3;-9,99;-0,10;-0,10;-0,11;0,00;0;0;0;0,0;0,0000000;90,0000000;0,00;0,00;487,19;0;0;9999;9999;0,00;0,55;0,00;0,00;0,00;0,00;0,00
1760;12,3;-9,97;-0,09;-0,09;-0,06;0,00;0;0;0;0,0;0,0000000;90,0000000;0,00;0,00;487,19;0;0;9999;9999;0,00;0,55;0,00;0,00;0,00;0,00;0,00
1770;12,3;-9,97;-0,08;-0,09;-0,07;0,00;0;0;0;0,0;0,0000000;90,0000000;0,00;0,00;487,19;0;0;9999;9999;0,00;0,55;0,00;0,00;0,00;0,00;0,00
1780;12,3;-9,97;-0,09;-0,09;0,01;0,00;0;0;0;0,0;0,0000000;90,0000000;0,00;0,00;487,19;0;0;9999;9999;0,00;0,55;0,00;0,00;0,00;0,00;0,00
1790;12,3;-9,97;-0,09;-0,09;0,06;0,00;0;0;0;0,0;0,0000000;90,0000000;0,00;0,00;487,19;0;0;9999;9999;0,00;0,55;0,00;0,00;0,00;0,00;0,00
1800;12,3;-9,97;-0,09;-0,09;0,06;0,00;0;0;0;0,0;0,0000000;90,0000000;0,00;0,00;487,19;0;0;9999;9999;0,00;0,55;0,00;0,00;0,00;0,00;0,00
1810;12,3;-9,97;-0,09;-0,09;-0,15;0,00;0;0;0;0,0;0,0000000;90,0000000;0,00;0,00;487,19;0;0;9999;9999;0,00;0,55;0,00;0,00;0,00;0,00;0,00
1820;12,3;-9,97;-0,09;-0,09;-0,19;0,00;0;0;0;0,0;0,0000000;90,0000000;0,00;0,00;487,19;0;0;9999;9999;0,00;0,55;0,00;0,00;0,00;0,00;0,00
1830;12,3;-9,97;-0,08;-0,09;-0,33;0,00;0;0;0;0,0;0,0000000;90,0000000;0,00;0,00;487,19;0;0;9999;9999;0,00;0,55;0,00;0,00;0,00;0,00;0,00
1840;12,3;-9,97;-0,09;-0,09;-0,05;0,00;0;0;0;0,0;0,0000000;90,0000000;0,00;0,00;487,19;0;0;9999;9999;0,00;0,55;0,00;0,00;0,00;0,00;0,00
1850;12,3;-9,97;-0,09;-0,09;-0,24;0,00;0;0;0;0,0;0,0000000;90,0000000;0,00;0,00;487,19;0;0;9999;9999;0,00;0,55;0,00;0,00;0,00;0,00;0,00
1860;12,3;-9,96;-0,09;-0,09;-0,22;0,00;0;0;0;0,0;0,0000000;90,0000000;0,00;0,00;487,19;0;0;9999;9999;0,00;0,55;0,00;0,00;0,00;0,00;0,00
1870;12,3;-9,98;-0,09;-0,09;-0,14;0,00;0;0;0;0,0;0,0000000;90,0000000;0,00;0,00;487,19;0;0;9999;9999;0,00;0,55;0,00;0,00;0,00;0,00;0,00
1880;12,3;-9,97;-0,09;-0,09;-0,26;0,00;0;0;0;0,0;0,0000000;90,0000000;0,00;0,00;487,19;0;0;9999;9999;0,00;0,55;0,00;0,00;0,00;0,00;0,00
1890;12,3;-9,96;-0,09;-0,09;-0,58;0,00;0;0;0;0,0;0,0000000;90,0000000;0,00;0,00;487,19;0;0;9999;9999;0,00;0,55;0,00;0,00;0,00;0,00;0,00
1900;12,3;-9,99;-0,09;-0,09;-0,30;0,00;0;0;0;0,0;0,0000000;90,0000000;0,00;0,00;487,19;0;0;9999;9999;0,00;0,55;0,00;0,00;0,00;0,00;0,00
1910;12,3;-9,97;-0,09;-0,09;-0,15;0,00;0;0;0;0,0;0,0000000;90,0000000;0,00;0,00;487,19;0;0;9999;9999;0,00;0,55;0,00;0,00;0,00;0,00;0,00
1920;12,3;-9,97;-0,09;-0,09;-0,05;0,00;0;0;0;0,0;0,0000000;90,0000000;0,00;0,00;487,19;0;0;9999;9999;0,00;0,55;0,00;0,00;0,00;0,00;0,00
1930;12,3;-9,98;-0,09;-0,09;-0,10;0,00;0;0;0;0,0;0,0000000;90,0000000;0,00;0,00;487,19;0;0;9999;9999;0,00;0,55;0,00;0,00;0,00;0,00;0,00
1940;12,3;-9,97;-0,09;-0,09;-0,14;0,00;0;0;0;0,0;0,0000000;90,0000000;0,00;0,00;487,19;0;0;9999;9999;0,00;0,55;0,00;0,00;0,00;0,00;0,00
1950;12,3;-9,96;-0,09;-0,09;-0,34;0,00;0;0;0;0,0;0,0000000;90,0000000;0,00;0,00;487,19;0;0;9999;9999;0,00;0,55;0,00;0,00;0,00;0,00;0,00
1960;12,3;-9,97;-0,09;-0,10;-0,47;0,00;0;0;0;0,0;0,0000000;90,0000000;0,00;0,00;487,19;0;0;9999;9999;0,00;0,55;0,00;0,00;0,00;0,00;0,00
1970;12,3;-9,96;-0,09;-0,09;-0,16;0,00;0;0;0;0,0;0,0000000;90,0000000;0,00;0,00;487,19;0;0;9999;9999;0,00;0,55;0,00;0,00;0,00;0,00;0,00
1980;12,3;-9,96;-0,09;-0,09;-0,17;0,00;0;0;0;0,0;0,0000000;90,0000000;0,00;0,00;487,19;0;0;9999;9999;0,00;0,55;0,00;0,00;0,00;0,00;0,00
1990;12,3;-9,97;-0,10;-0,09;-0,35;0,00;0;0;0;0,0;0,0000000;90,0000000;0,00;0,00;487,19;0;0;9999;9999;0,00;0,55;0,00;0,00;0,00;0,00;0,00
2000;12,3;-9,97;-0,09;-0,09;-0,36;0,00;0;0;0;0,0;0,0000000;90,0000000;0,00;0,00;487,19;0;0;9999;9999;0,00;0,55;0,00;0,00;0,00;0,00;0,00
2010;12,3;-9,97;-0,09;-0,09;0,09;0,00;0;0;0;0,0;0,0000000;90,0000000;0,00;0,00;487,19;0;0;9999;9999;0,00;0,55;0,00;0,00;0,00;0,00;0,00
2020;12,3;-9,96;-0,09;-0,09;-0,10;0,00;0;0;0;0,0;0,0000000;90,0000000;0,00;0,00;487,19;0;0;9999;9999;0,00;0,55;0,00;0,00;0,00;0,00;0,00
2030;12,3;-9,97;-0,09;-0,09;-0,16;0,00;0;0;0;0,0;0,0000000;90,0000000;0,00;0,00;487,19;0;0;9999;9999;0,00;0,55;0,00;0,00;0,00;0,00;0,00
2040;12,3;-9,97;-0,09;-0,09;-0,13;0,00;0;0;0;0,0;0,0000000;90,0000000;0,00;0,00;487,19;0;0;9999;9999;0,00;0,55;0,00;0,00;0,00;0,00;0,00
2050;12,3;-9,97;-0,09;-0,09;-0,29;0,00;0;0;0;0,0;0,0000000;90,0000000;0,00;0,00;487,19;0;0;9999;9999;0,00;0,55;0,00;0,00;0,00;0,00;0,00
2060;12,3;-9,98;-0,08;-0,09;-0,35;0,00;0;0;0;0,0;0,0000000;90,0000000;0,00;0,00;487,19;0;0;9999;9999;0,00;0,55;0,00;0,00;0,00;0,00;0,00
2070;12,3;-9,99;-0,09;-0,09;-0,54;0,00;0;0;0;0,0;0,0000000;90,0000000;0,00;0,00;487,19;0;0;9999;9999;0,00;0,55;0,00;0,00;0,00;0,00;0,00
2080;12,3;-9,96;-0,10;-0,09;-0,26;0,00;0;0;0;0,0;0,0000000;90,0000000;0,00;0,00;487,19;0;0;9999;9999;0,00;0,55;0,00;0,00;0,00;0,00;0,00
2090;12,3;-9,96;-0,11;-0,09;-0,39;0,00;0;0;0;0,0;0,0000000;90,0000000;0,00;0,00;487,19;0;0;9999;9999;0,00;0,55;0,00;0,00;0,00;0,00;0,00
2100;12,3;-9,96;-0,13;-0,10;-0,22;0,00;0;0;0;0,0;0,0000000;90,0000000;0,00;0,00;487,19;0;0;9999;9999;0,00;0,55;0,00;0,00;0,00;0,00;0,00
2110;12,3;-9,95;-0,09;-0,09;0,30;0,00;0;0;0;0,0;0,0000000;90,0000000;0,00;0,00;487,19;0;0;9999;9999;0,00;0,55;0,00;0,00;0,00;0,00;0,00
2120;12,3;-9,98;-0,11;-0,10;-0,24;0,00;0;0;0;0,0;0,0000000;90,0000000;0,00;0,00;487,19;0;0;9999;9999;0,00;0,55;0,00;0,00;0,00;0,00;0,00
2130;12,3;-9,95;-0,11;-0,10;-0,12;0,00;0;0;0;0,0;0,0000000;90,0000000;0,00;0,00;487,19;0;0;9999;9999;0,00;0,55;0,00;0,00;0,00;0,00;0,00
2140;12,3;-9,94;-0,10;-0,10;-0,01;0,00;0;0;0;0,0;0,0000000;90,0000000;0,00;0,00;487,19;0;0;9999;9999;0,00;0,55;0,00;0,00;0,00;0,00;0,00
2150;12,3;-9,97;-0,10;-0,10;0,01;0,00;0;0;0;0,0;0,0000000;90,0000000;0,00;0,00;487,19;0;0;9999;9999;0,00;0,55;0,00;0,00;0,00;0,00;0,00
2160;12,3;-9,96;-0,11;-0,10;-0,16;0,00;0;0;0;0,0;0,0000000;90,0000000;0,00;0,00;487,19;0;0;9999;9999;0,00;0,55;0,00;0,00;0,00;0,00;0,00
2170;12,3;-9,96;-0,11;-0,10;0,00;0,00;0;0;0;0,0;0,0000000;90,0000000;0,00;0,00;487,19;0;0;9999;9999;0,00;0,55;0,00;0,00;0,00;0,00;0,00
2180;12,3;-9,96;-0,10;-0,10;0,43;0,00;0;0;0;0,0;0,0000000;90,0000000;0,00;0,00;487,19;0;0;9999;9999;0,00;0,55;0,00;0,00;0,00;0,00;0,00
2190;12,3;-9,96;-0,04;-0,06;0,35;0,00;0;0;0;0,0;0,0000000;90,0000000;0,00;0,00;487,19;0;0;9999;9999;0,00;0,55;0,00;0,00;0,00;0,00;0,00
2200;12,3;-10,00;-0,10;-0,10;0,00;0,00;0;0;0;0,0;0,0000000;90,0000000;0,00;0,00;487,19;0;0;9999;9999;0,00;0,55;0,00;0,00;0,00;0,00;0,00
2210;12,3;-9,96;-0,08;-0,09;0,32;0,00;0;0;0;0,0;0,0000000;90,0000000;0,00;0,00;487,19;0;0;9999;9999;0,00;0,55;0,00;0,00;0,00;0,00;0,00
2220;12,3;-9,98;-0,07;-0,08;-0,14;0,00;0;0;0;0,0;0,0000000;90,0000000;0,00;0,00;487,19;0;0;9999;9999;0,00;0,55;0,00;0,00;0,00;0,00;0,00
2230;12,3;-9,99;-0,09;-0,10;-0,07;0,00;0;0;0;0,0;0,0000000;90,0000000;0,00;0,00;487,19;0;0;9999;9999;0,00;0,55;0,00;0,00;0,00;0,00;0,00
2240;12,3;-9,96;-0,10;-0,09;0,28;0,00;0;0;0;0,0;0,0000000;90,0000000;0,00;0,00;487,19;0;0;9999;9999;0,00;0,55;0,00;0,00;0,00;0,00;0,00
2250;12,3;-9,96;-0,09;-0,09;-0,01;0,00;0;0;0;0,0;0,0000000;90,0000000;0,00;0,00;487,19;0;0;9999;9999;0,00;0,55;0,00;0,00;0,00;0,00;0,00
2260;12,3;-9,97;-0,10;-0,09;-0,20;0,00;0;0;0;0,0;0,0000000;90,0000000;0,00;0,00;487,19;0;0;9999;9999;0,00;0,55;0,00;0,00;0,00;0,00;0,00
2270;12,3;-9,97;-0,09;-0,09;-0,50;0,00;0;0;0;0,0;0,0000000;90,0000000;0,00;0,00;487,19;0;0;9999;9999;0,00;0,55;0,00;0,00;0,00;0,00;0,00
2280;12,3;-9,98;-0,09;-0,09;-0,27;0,00;0;0;0;0,0;0,0000000;90,0000000;0,00;0,00;487,19;0;0;9999;9999;0,00;0,55;0,00;0,00;0,00;0,00;0,00
2290;12,3;-9,97;-0,09;-0,09;0,02;0,00;0;0;0;0,0;0,0000000;90,0000000;0,00;0,00;487,19;0;0;9999;9999;0,00;0,55;0,00;0,00;0,00;0,00;0,00
2300;12,3;-9,97;-0,09;-0,09;-0,12;0,00;0;0;0;0,0;0,0000000;90,0000000;0,00;0,00;487,19;0;0;9999;9999;0,00;0,55;0,00;0,00;0,00;0,00;0,00
2310;12,3;-9,96;-0,09;-0,09;0,04;0,00;0;0;0;0,0;0,0000000;90,0000000;0,00;0,00;487,19;0;0;9999;9999;0,00;0,55;0,00;0,00;0,00;0,00;0,00
2320;12,3;-9,97;-0,09;-0,09;0,06;0,00;0;0;0;0,0;0,0000000;90,0000000;0,00;0,00;487,19;0;0;9999;9999;0,00;0,55;0,00;0,00;0,00;0,00;0,00
2330;12,3;-9,96;-0,09;-0,09;-0,13;0,00;0;0;0;0,0;0,0000000;90,0000000;0,00;0,00;487,19;0;0;9999;9999;0,00;0,55;0,00;0,00;0,00;0,00;0,00
2340;12,3;-9,97;-0,09;-0,09;-0,11;0,00;0;0;0;0,0;0,0000000;90,0000000;0,00;0,00;487,19;0;0;9999;9999;0,00;0,55;0,00;0,00;0,00;0,00;0,00
2350;12,3;-9,97;-0,09;-0,09;0,22;0,00;0;0;0;0,0;0,0000000;90,0000000;0,00;0,00;487,19;0;0;9999;9999;0,00;0,55;0,00;0,00;0,00;0,00;0,00
2360;12,3;-9,96;-0,09;-0,09;0,22;0,00;0;0;0;0,0;0,0000000;90,0000000;0,00;0,00;487,19;0;0;9999;9999;0,00;0,55;0,00;0,00;0,00;0,00;0,00
2370;12,3;-9,96;-0,09;-0,09;0,08;0,00;0;0;0;0,0;0,0000000;90,0000000;0,00;0,00;487,19;0;0;9999;9999;0,00;0,55;0,00;0,00;0,00;0,00;0,00
2380;12,3;-9,96;-0,09;-0,09;-0,07;0,00;0;0;0;0,0;0,0000000;90,0000000;0,00;0,00;487,19;0;0;9999;9999;0,00;0,55;0,00;0,00;0,00;0,00;0,00
2390;12,3;-9,96;-0,09;-0,09;-0,08;0,00;0;0;0;0,0;0,0000000;90,0000000;0,00;0,00;487,19;0;0;9999;9999;0,00;0,55;0,00;0,00;0,00;0,00;0,00
2400;12,3;-9,96;-0,09;-0,09;-0,18;0,00;0;0;0;0,0;0,0000000;90,0000000;0,00;0,00;487,19;0;0;9999;9999;0,00;0,55;0,00;0,00;0,00;0,00;0,00
2410;12,3;-9,98;-0,09;-0,09;0,20;0,00;0;0;0;0,0;0,0000000;90,0000000;0,00;0,00;487,19;0;0;9999;9999;0,00;0,55;0,00;0,00;0,00;0,00;0,00
2420;12,3;-9,97;-0,09;-0,09;-0,09;0,00;0;0;0;0,0;0,0000000;90,0000000;0,00;0,00;487,19;0;0;9999;9999;0,00;0,55;0,00;0,00;0,00;0,00;0,00
2430;12,3;-9,96;-0,09;-0,09;-0,21;0,00;0;0;0;0,0;0,0000000;90,0000000;0,00;0,00;487,19;0;0;9999;9999;0,00;0,55;0,00;0,00;0,00;0,00;0,00
2440;12,3;-9,97;-0,09;-0,09;-0,09;0,00;0;0;0;0,0;0,0000000;90,0000000;0,00;0,00;487,19;0;0;9999;9999;0,00;0,55;0,00;0,00;0,00;0,00;0,00
2450;12,3;-9,97;-0,09;-0,09;-0,14;0,00;0;0;0;0,0;0,0000000;90,0000000;0,00;0,00;487,19;0;0;9999;9999;0,00;0,55;0,00;0,00;0,00;0,00;0,00
2460;12,3;-9,96;-0,09;-0,09;0,19;0,00;0;0;0;0,0;0,0000000;90,0000000;0,00;0,00;487,19;0;0;9999;9999;0,00;0,55;0,00;0,00;0,00;0,00;0,00
2470;12,3;-9,96;-0,09;-0,09;0,05;0,00;0;0;0;0,0;0,0000000;90,0000000;0,00;0,00;487,19;0;0;9999;9999;0,00;0,55;0,00;0,00;0,00;0,00;0,00
2480;12,3;-9,97;-0,09;-0,09;-0,11;0,00;0;0;0;0,0;0,0000000;90,0000000;0,00;0,00;487,19;0;0;9999;9999;0,00;0,55;0,00;0,00;0,00;0,00;0,00
2490;12,3;-9,96;-0,09;-0,09;0,06;0,00;0;0;0;0,0;0,0000000;90,0000000;0,00;0,00;487,19;0;0;9999;9999;0,00;0,55;0,00;0,00;0,00;0,00;0,00
2500;12,3;-9,97;-0,09;-0,09;0,00;0,00;0;0;0;0,0;0,0000000;90,0000000;0,00;0,00;487,19;0;0;9999;9999;0,00;0,55;0,00;0,00;0,00;0,00;0,00
2510;12,3;-9,97;-0,09;-0,09;-0,05;0,00;0;0;0;0,0;0,0000000;90,0000000;0,00;0,00;487,19;0;0;9999;9999;0,00;0,55;0,00;0,00;0,00;0,00;0,00
2520;12,3;-9,97;-0,09;-0,09;0,07;0,00;0;0;0;0,0;0,0000000;90,0000000;0,00;0,00;487,19;0;0;9999;9999;0,00;0,55;0,00;0,00;0,00;0,00;0,00
2530;12,3;-9,96;-0,09;-0,09;0,16;0,00;0;0;0;0,0;0,0000000;90,0000000;0,00;0,00;487,19;0;0;9999;9999;0,00;0,55;0,00;0,00;0,00;0,00;0,00
2540;12,3;-9,97;-0,09;-0,09;0,10;0,00;0;0;0;0,0;0,0000000;90,0000000;0,00;0,00;487,19;0;0;9999;9999;0,00;0,55;0,00;0,00;0,00;0,00;0,00
2550;12,3;-9,96;-0,09;-0,09;-0,18;0,00;0;0;0;0,0;0,0000000;90,0000000;0,00;0,00;487,19;0;0;9999;9999;0,00;0,55;0,00;0,00;0,00;0,00;0,00
2560;12,3;-9,97;-0,09;-0,09;-0,04;0,00;0;0;0;0,0;0,0000000;90,0000000;0,00;0,00;487,19;0;0;9999;9999;0,00;0,55;0,00;0,00;0,00;0,00;0,00
2570;12,3;-9,97;-0,09;-0,09;-0,16;0,00;0;0;0;0,0;0,0000000;90,0000000;0,00;0,00;487,19;0;0;9999;9999;0,00;0,55;0,00;0,00;0,00;0,00;0,00
2580;12,3;-9,98;-0,09;-0,10;-0,03;0,00;0;0;0;0,0;0,0000000;90,0000000;0,00;0,00;487,19;0;0;9999;9999;0,00;0,55;0,00;0,00;0,00;0,00;0,00
2590;12,3;-9,97;-0,09;-0,09;0,16;0,00;0;0;0;0,0;0,0000000;90,0000000;0,00;0,00;487,19;0;0;9999;9999;0,00;0,55;0,00;0,00;0,00;0,00;0,00
2600;12,3;-9,98;-0,09;-0,09;0,32;0,00;0;0;0;0,0;0,0000000;90,0000000;0,00;0,00;487,19;0;0;9999;9999;0,00;0,55;0,00;0,00;0,00;0,00;0,00
2610;12,3;-9,96;-0,09;-0,09;0,03;0,00;0;0;0;0,0;0,0000000;90,0000000;0,00;0,00;487,19;0;0;9999;9999;0,00;0,55;0,00;0,00;0,00;0,00;0,00
2620;12,3;-9,96;-0,08;-0,09;-0,01;0,00;0;0;0;0,0;0,0000000;90,0000000;0,00;0,00;487,19;0;0;9999;9999;0,00;0,55;0,00;0,00;0,00;0,00;0,00
2630;12,3;-9,97;-0,08;-0,09;-0,13;0,00;0;0;0;0,0;0,0000000;90,0000000;0,00;0,00;487,19;0;0;9999;9999;0,00;0,55;0,00;0,00;0,00;0,00;0,00
2640;12,3;-9,98;-0,01;-0,07;-0,67;0,00;0;0;0;0,0;0,0000000;90,0000000;0,00;0,00;487,19;0;0;9999;9999;0,00;0,55;0,00;0,00;0,00;0,00;0,00
2650;12,3;-10,05;-0,28;-0,14;-1,94;0,00;0;0;0;0,0;0,0000000;90,0000000;0,00;0,00;487,19;0;0;9999;9999;0,00;0,55;0,00;0,00;0,00;0,00;0,00
2660;12,3;-9,78;-0,25;-0,18;-1,20;0,00;0;0;0;0,0;0,0000000;90,0000000;0,00;0,00;487,19;0;0;9999;9999;0,00;0,55;0,00;0,00;0,00;0,00;0,00
2670;12,3;-9,70;-0,16;-0,13;0,33;0,00;0;0;0;0,0;0,0000000;90,0000000;0,00;0,00;487,19;0;0;9999;9999;0,00;0,55;0,00;0,00;0,00;0,00;0,00
2680;12,3;-9,87;-0,13;-0,12;-0,34;0,00;0;0;0;0,0;0,0000000;90,0000000;0,00;0,00;487,19;0;0;9999;9999;0,00;0,55;0,00;0,00;0,00;0,00;0,00
2690;12,3;-9,94;-0,15;-0,14;-0,05;0,00;0;0;0;0,0;0,0000000;90,0000000;0,00;0,00;487,19;0;0;9999;9999;0,00;0,55;0,00;0,00;0,00;0,00;0,00
2700;12,3;-9,85;-0,07;-0,05;-0,41;0,00;0;0;0;0,0;0,0000000;90,0000000;0,00;0,00;487,19;0;0;9999;9999;0,00;0,55;0,00;0,00;0,00;0,00;0,00
2710;12,3;-10,05;-0,11;-0,10;-0,38;0,00;0;0;0;0,0;0,0000000;90,0000000;0,00;0,00;487,19;0;0;9999;9999;0,00;0,55;0,00;0,00;0,00;0,00;0,00
2720;12,3;-9,98;-0,11;-0,11;-0,30;0,00;0;0;0;0,0;0,0000000;90,0000000;0,00;0,00;487,19;0;0;9999;9999;0,00;0,55;0,00;0,00;0,00;0,00;0,00
2730;12,3;-9,96;-0,09;-0,07;-0,62;0,00;0;0;0;0,0;0,0000000;90,0000000;0,00;0,00;487,19;0;0;9999;9999;0,00;0,55;0,00;0,00;0,00;0,00;0,00
2740;12,3;-10,01;-0,11;-0,10;-2,05;0,00;0;0;0;0,0;0,0000000;90,0000000;0,00;0,00;487,19;0;0;9999;9999;0,00;0,55;0,00;0,00;0,00;0,00;0,00
2750;12,3;-9,98;-0,15;-0,15;-1,94;0,00;0;0;0;0,0;0,0000000;90,0000000;0,00;0,00;487,19;0;0;9999;9999;0,00;0,55;0,00;0,00;0,00;0,00;0,00
2760;12,3;-9,85;-0,10;-0,08;-0,51;0,00;0;0;0;0,0;0,0000000;90,0000000;0,00;0,00;487,19;0;0;9999;9999;0,00;0,55;0,00;0,00;0,00;0,00;0,00
2770;12,3;-10,02;-0,12;-0,11;-0,78;0,00;0;0;0;0,0;0,0000000;90,0000000;0,00;0,00;487,19;0;0;9999;9999;0,00;0,55;0,00;0,00;0,00;0,00;0,00
2780;12,3;-9,97;-0,12;-0,12;-0,11;0,00;0;0;0;0,0;0,0000000;90,0000000;0,00;0,00;487,19;0;0;9999;9999;0,00;0,55;0,00;0,00;0,00;0,00;0,00
2790;12,3;-9,95;-0,11;-0,11;0,21;0,00;0;0;0;0,0;0,0000000;90,0000000;0,00;0,00;487,19;0;0;9999;9999;0,00;0,55;0,00;0,00;0,00;0,00;0,00
2800;12,3;-9,98;-0,12;-0,12;0,41;0,00;0;0;0;0,0;0,0000000;90,0000000;0,00;0,00;487,19;0;0;9999;9999;0,00;0,55;0,00;0,00;0,00;0,00;0,00
2810;12,3;-9,94;-0,12;-0,13;0,52;0,00;0;0;0;0,0;0,0000000;90,0000000;0,00;0,00;487,19;0;0;9999;9999;0,00;0,55;0,00;0,00;0,00;0,00;0,00
2820;12,3;-9,94;-0,13;-0,13;2,46;0,00;0;0;0;0,0;0,0000000;90,0000000;0,00;0,00;487,19;0;0;9999;9999;0,00;0,55;0,00;0,00;0,00;0,00;0,00
2830;12,3;-9,90;-0,03;-0,00;1,38;0,00;0;0;0;0,0;0,0000000;90,0000000;0,00;0,00;487,19;0;0;9999;9999;0,00;0,55;0,00;0,00;0,00;0,00;0,00
2840;12,3;-10,18;-0,14;-0,13;0,43;0,00;0;0;0;0,0;0,0000000;90,0000000;0,00;0,00;487,19;0;0;9999;9999;0,00;0,55;0,00;0,00;0,00;0,00;0,00
2850;12,3;-9,87;-0,12;-0,11;0,35;0,00;0;0;0;0,0;0,0000000;90,0000000;0,00;0,00;487,19;0;0;9999;9999;0,00;0,55;0,00;0,00;0,00;0,00;0,00
2860;12,3;-9,94;-0,11;-0,09;0,44;0,00;0;0;0;0,0;0,0000000;90,0000000;0,00;0,00;487,19;0;0;9999;9999;0,00;0,55;0,00;0,00;0,00;0,00;0,00
2870;12,3;-9,96;-0,12;-0,10;0,47;0,00;0;0;0;0,0;0,0000000;90,0000000;0,00;0,00;487,19;0;0;9999;9999;0,00;0,55;0,00;0,00;0,00;0,00;0,00
2880;12,3;-9,93;-0,12;-0,10;0,26;0,00;0;0;0;0,0;0,0000000;90,0000000;0,00;0,00;487,19;0;0;9999;9999;0,00;0,55;0,00;0,00;0,00;0,00;0,00
2890;12,3;-9,91;-0,07;-0,07;0,01;0,00;0;0;0;0,0;0,0000000;90,0000000;0,00;0,00;487,19;0;0;9999;9999;0,00;0,55;0,00;0,00;0,00;0,00;0,00
2900;12,3;-10,07;-0,16;-0,11;0,70;0,00;0;0;0;0,0;0,0000000;90,0000000;0,00;0,00;487,19;0;0;9999;9999;0,00;0,55;0,00;0,00;0,00;0,00;0,00
2910;12,3;-9,92;-0,08;-0,06;1,06;0,00;0;0;0;0,0;0,0000000;90,0000000;0,00;0,00;487,19;0;0;9999;9999;0,00;0,55;0,00;0,00;0,00;0,00;0,00
2920;12,3;-10,02;-0,13;-0,12;0,39;0,00;0;0;0;0,0;0,0000000;90,0000000;0,00;0,00;487,19;0;0;9999;9999;0,00;0,55;0,00;0,00;0,00;0,00;0,00
2930;12,3;-9,93;-0,08;-0,12;1,00;0,00;0;0;0;0,0;0,0000000;90,0000000;0,00;0,00;487,19;0;0;9999;9999;0,00;0,55;0,00;0,00;0,00;0,00;0,00
2940;12,3;-9,99;-0,09;-0,09;0,29;0,00;0;0;0;0,0;0,0000000;90,0000000;0,00;0,00;487,19;0;0;9999;9999;0,00;0,55;0,00;0,00;0,00;0,00;0,00
2950;12,3;-9,97;-0,04;-0,06;0,34;0,00;0;0;0;0,0;0,0000000;90,0000000;0,00;0,00;487,19;0;0;9999;9999;0,00;0,55;0,00;0,00;0,00;0,00;0,00
2960;12,3;-9,99;-0,10;-0,09;-0,17;0,00;0;0;0;0,0;0,0000000;90,0000000;0,00;0,00;487,19;0;0;9999;9999;0,00;0,55;0,00;0,00;0,00;0,00;0,00
2970;12,3;-9,96;-0,07;-0,07;-0,11;0,00;0;0;0;0,0;0,0000000;90,0000000;0,00;0,00;487,19;0;0;9999;9999;0,00;0,55;0,00;0,00;0,00;0,00;0,00
2980;12,3;-9,98;-0,11;-0,10;-0,02;0,00;0;0;0;0,0;0,0000000;90,0000000;0,00;0,00;487,19;0;0;9999;9999;0,00;0,55;0,00;0,00;0,00;0,00;0,00
2990;12,3;-9,95;-0,08;-0,08;-0,14;0,00;0;0;0;0,0;0,0000000;90,0000000;0,00;0,00;487,19;0;0;9999;9999;0,00;0,55;0,00;0,00;0,00;0,00;0,00
3000;12,3;-9,99;-0,10;-0,10;-0,19;0,00;0;0;0;0,0;0,0000000;90,0000000;0,00;0,00;487,19;0;0;9999;9999;0,00;0,55;0,00;0,00;0,00;0,00;0,00
3010;12,3;-9,97;-0,09;-0,09;-0,11;0,00;0;0;0;0,0;0,0000000;90,0000000;0,00;0,00;487,19;0;0;9999;9999;0,00;0,55;0,00;0,00;0,00;0,00;0,00
3020;12,3;-9,96;-0,09;-0,09;0,07;0,00;0;0;0;0,0;0,0000000;90,0000000;0,00;0,00;487,19;0;0;9999;9999;0,00;0,55;0,00;0,00;0,00;0,00;0,00
3030;12,3;-9,96;-0,09;-0,09;-0,17;0,00;0;0;0;0,0;0,0000000;90,0000000;0,00;0,00;487,19;0;0;9999;9999;0,00;0,55;0,00;0,00;0,00;0,00;0,00
3040;12,3;-9,97;-0,09;-0,09;-0,03;0,00;0;0;0;0,0;0,0000000;90,0000000;0,00;0,00;487,19;0;0;9999;9999;0,00;0,55;0,00;0,00;0,00;0,00;0,00
3050;12,3;-9,96;-0,10;-0,09;-0,03;0,00;0;0;0;0,0;0,0000000;90,0000000;0,00;0,00;487,19;0;0;9999;9999;0,00;0,55;0,00;0,00;0,00;0,00;0,00
3060;12,3;-9,96;-0,10;-0,10;0,54;0,00;0;0;0;0,0;0,0000000;90,0000000;0,00;0,00;487,19;0;0;9999;9999;0,00;0,55;0,00;0,00;0,00;0,00;0,00
3070;12,3;-9,97;-0,10;-0,09;0,35;0,00;0;0;0;0,0;0,0000000;90,0000000;0,00;0,00;487,19;0;0;9999;9999;0,00;0,55;0,00;0,00;0,00;0,00;0,00
3080;12,3;-9,96;-0,09;-0,10;1,07;0,00;0;0;0;0,0;0,0000000;90,0000000;0,00;0,00;487,19;0;0;9999;9999;0,00;0,55;0,00;0,00;0,00;0,00;0,00
3090;12,3;-9,96;-0,10;-0,09;1,18;0,00;0;0;0;0,0;0,0000000;90,0000000;0,00;0,00;487,19;0;0;9999;9999;0,00;0,55;0,00;0,00;0,00;0,00;0,00
3100;12,3;-9,97;-0,08;-0,08;1,40;0,00;0;0;0;0,0;0,0000000;90,0000000;0,00;0,00;487,19;0;0;9999;9999;0,00;0,55;0,00;0,00;0,00;0,00;0,00
3110;12,3;-9,96;-0,06;-0,06;0,88;0,00;0;0;0;0,0;0,0000000;90,0000000;0,00;0,00;487,19;0;0;9999;9999;0,00;0,55;0,00;0,00;0,00;0,00;0,00
3120;12,3;-9,96;-0,05;-0,07;0,37;0,00;0;0;0;0,0;0,0000000;90,0000000;0,00;0,00;487,19;0;0;9999;9999;0,00;0,55;0,00;0,00;0,00;0,00;0,00
3130;12,3;-9,97;-0,07;-0,08;-0,05;0,00;0;0;0;0,0;0,0000000;90,0000000;0,00;0,00;487,19;0;0;9999;9999;0,00;0,55;0,00;0,00;0,00;0,00;0,00
3140;12,3;-9,96;-0,08;-0,08;-0,02;0,00;0;0;0;0,0;0,0000000;90,0000000;0,00;0,00;487,19;0;0;9999;9999;0,00;0,55;0,00;0,00;0,00;0,00;0,00
3150;12,3;-9,96;-0,08;-0,08;-0,17;0,00;0;0;0;0,0;0,0000000;90,0000000;0,00;0,00;487,19;0;0;9999;9999;0,00;0,55;0,00;0,00;0,00;0,00;0,00
3160;12,3;-9,97;-0,08;-0,08;0,05;0,00;0;0;0;0,0;0,0000000;90,0000000;0,00;0,00;487,19;0;0;9999;9999;0,00;0,55;0,00;0,00;0,00;0,00;0,00
3170;12,3;-9,95;-0,08;-0,08;0,05;0,00;0;0;0;0,0;0,0000000;90,0000000;0,00;0,00;487,19;0;0;9999;9999;0,00;0,55;0,00;0,00;0,00;0,00;0,00
3180;12,3;-9,97;-0,08;-0,08;0,10;0,00;0;0;0;0,0;0,0000000;90,0000000;0,00;0,00;487,19;0;0;9999;9999;0,00;0,55;0,00;0,00;0,00;0,00;0,00
3190;12,3;-9,97;-0,08;-0,08;0,13;0,00;0;0;0;0,0;0,0000000;90,0000000;0,00;0,00;487,19;0;0;9999;9999;0,00;0,55;0,00;0,00;0,00;0,00;0,00
3200;12,3;-9,96;-0,08;-0,08;0,03;0,00;0;0;0;0,0;0,0000000;90,0000000;0,00;0,00;487,19;0;0;9999;9999;0,00;0,55;0,00;0,00;0,00;0,00;0,00
3210;12,3;-9,98;-0,08;-0,08;0,19;0,00;0;0;0;0,0;0,0000000;90,0000000;0,00;0,00;487,19;0;0;9999;9999;0,00;0,55;0,00;0,00;0,00;0,00;0,00
3220;12,3;-9,96;-0,07;-0,08;0,33;0,00;0;0;0;0,0;0,0000000;90,0000000;0,00;0,00;487,19;0;0;9999;9999;0,00;0,55;0,00;0,00;0,00;0,00;0,00
3230;12,3;-9,97;-0,08;-0,08;0,13;0,00;0;0;0;0,0;0,0000000;90,0000000;0,00;0,00;487,19;0;0;9999;9999;0,00;0,55;0,00;0,00;0,00;0,00;0,00
3240;12,3;-9,97;-0,08;-0,08;0,15;0,00;0;0;0;0,0;0,0000000;90,0000000;0,00;0,00;487,19;0;0;9999;9999;0,00;0,55;0,00;0,00;0,00;0,00;0,00
3250;12,3;-9,97;-0,07;-0,08;0,13;0,00;0;0;0;0,0;0,0000000;90,0000000;0,00;0,00;487,19;0;0;9999;9999;0,00;0,55;0,00;0,00;0,00;0,00;0,00
3260;12,3;-9,98;-0,07;-0,08;-0,09;0,00;0;0;0;0,0;0,0000000;90,0000000;0,00;0,00;487,19;0;0;9999;9999;0,00;0,55;0,00;0,00;0,00;0,00;0,00
3270;12,3;-9,98;-0,08;-0,08;-0,15;0,00;0;0;0;0,0;0,0000000;90,0000000;0,00;0,00;487,19;0;0;9999;9999;0,00;0,55;0,00;0,00;0,00;0,00;0,00
3280;12,3;-9,96;-0,08;-0,08;-0,24;0,00;0;0;0;0,0;0,0000000;90,0000000;0,00;0,00;487,19;0;0;9999;9999;0,00;0,55;0,00;0,00;0,00;0,00;0,00
3290;12,3;-9,97;-0,08;-0,08;-0,31;0,00;0;0;0;0,0;0,0000000;90,0000000;0,00;0,00;487,19;0;0;9999;9999;0,00;0,55;0,00;0,00;0,00;0,00;0,00
3300;12,3;-9,97;-0,08;-0,08;-0,07;0,00;0;0;0;0,0;0,0000000;90,0000000;0,00;0,00;487,19;0;0;9999;9999;0,00;0,55;0,00;0,00;0,00;0,00;0,00
3310;12,3;-9,98;-0,07;-0,08;0,27;0,00;0;0;0;0,0;0,0000000;90,0000000;0,00;0,00;487,19;0;0;9999;9999;0,00;0,55;0,00;0,00;0,00;0,00;0,00
3320;12,3;-9,96;-0,07;-0,08;0,02;0,00;0;0;0;0,0;0,0000000;90,0000000;0,00;0,00;487,19;0;0;9999;9999;0,00;0,55;0,00;0,00;0,00;0,00;0,00
3330;12,3;-9,96;-0,07;-0,08;-0,10;0,00;0;0;0;0,0;0,0000000;90,0000000;0,00;0,00;487,19;0;0;9999;9999;0,00;0,55;0,00;0,00;0,00;0,00;0,00
3340;12,3;-9,96;-0,08;-0,08;-0,48;0,00;0;0;0;0,0;0,0000000;90,0000000;0,00;0,00;487,19;0;0;9999;9999;0,00;0,55;0,00;0,00;0,00;0,00;0,00
3350;12,3;-9,97;-0,08;-0,08;-0,49;0,00;0;0;0;0,0;0,0000000;90,0000000;0,00;0,00;487,19;0;0;9999;9999;0,00;0,55;0,00;0,00;0,00;0,00;0,00
3360;12,3;-9,97;-0,08;-0,08;0,16;0,00;0;0;0;0,0;0,0000000;90,0000000;0,00;0,00;487,19;0;0;9999;9999;0,00;0,55;0,00;0,00;0,00;0,00;0,00
3370;12,3;-9,96;-0,08;-0,08;0,08;0,00;0;0;0;0,0;0,0000000;90,0000000;0,00;0,00;487,19;0;0;9999;9999;0,00;0,55;0,00;0,00;0,00;0,00;0,00
3380;12,3;-9,98;-0,08;-0,08;-0,10;0,00;0;0;0;0,0;0,0000000;90,0000000;0,00;0,00;487,19;0;0;9999;9999;0,00;0,55;0,00;0,00;0,00;0,00;0,00
3390;12,3;-9,96;-0,08;-0,08;-0,16;0,00;0;0;0;0,0;0,0000000;90,0000000;0,00;0,00;487,19;0;0;9999;9999;0,00;0,55;0,00;0,00;0,00;0,00;0,00
3400;12,3;-9,98;-0,08;-0,09;-0,07;0,00;0;0;0;0,0;0,0000000;90,0000000;0,00;0,00;487,19;0;0;9999;9999;0,00;0,55;0,00;0,00;0,00;0,00;0,00
3410;12,3;-9,97;-0,08;-0,08;-0,09;0,00;0;0;0;0,0;0,0000000;90,0000000;0,00;0,00;487,19;0;0;9999;9999;0,00;0,55;0,00;0,00;0,00;0,00;0,00
3420;12,3;-9,95;-0,08;-0,08;0,11;0,00;0;0;0;0,0;0,0000000;90,0000000;0,00;0,00;487,19;0;0;9999;9999;0,00;0,55;0,00;0,00;0,00;0,00;0,00
3430;12,3;-9,96;-0,08;-0,08;0,17;0,00;0;0;0;0,0;0,0000000;90,0000000;0,00;0,00;487,19;0;0;9999;9999;0,00;0,55;0,00;0,00;0,00;0,00;0,00
3440;12,3;-9,96;-0,08;-0,08;-0,00;0,00;0;0;0;0,0;0,0000000;90,0000000;0,00;0,00;487,19;0;0;9999;9999;0,00;0,55;0,00;0,00;0,00;0,00;0,00
3450;12,3;-9,96;-0,08;-0,08;-0,07;0,00;0;0;0;0,0;0,0000000;90,0000000;0,00;0,00;487,19;0;0;9999;9999;0,00;0,55;0,00;0,00;0,00;0,00;0,00
3460;12,3;-9,99;-0,08;-0,08;-0,14;0,00;0;0;0;0,0;0,0000000;90,0000000;0,00;0,00;487,19;0;0;9999;9999;0,00;0,55;0,00;0,00;0,00;0,00;0,00
3470;12,3;-9,99;-0,08;-0,08;-0,13;0,00;0;0;0;0,0;0,0000000;90,0000000;0,00;0,00;487,19;0;0;9999;9999;0,00;0,55;0,00;0,00;0,00;0,00;0,00
3480;12,3;-9,97;-0,09;-0,09;-0,10;0,00;0;0;0;0,0;0,0000000;90,0000000;0,00;0,00;487,19;0;0;9999;9999;0,00;0,55;0,00;0,00;0,00;0,00;0,00
3490;12,3;-9,96;-0,08;-0,09;-0,08;0,00;0;0;0;0,0;0,0000000;90,0000000;0,00;0,00;487,19;0;0;9999;9999;0,00;0,55;0,00;0,00;0,00;0,00;0,00
3500;12,3;-9,98;-0,08;-0,08;0,11;0,00;0;0;0;0,0;0,0000000;90,0000000;0,00;0,00;487,19;0;0;9999;9999;0,00;0,55;0,00;0,00;0,00;0,00;0,00
3510;12,3;-9,96;-0,08;-0,08;-0,05;0,00;0;0;0;0,0;0,0000000;90,0000000;0,00;0,00;487,19;0;0;9999;9999;0,00;0,55;0,00;0,00;0,00;0,00;0,00
3520;12,3;-9,97;-0,08;-0,08;0,05;0,00;0;0;0;0,0;0,0000000;90,0000000;0,00;0,00;487,19;0;0;9999;9999;0,00;0,55;0,00;0,00;0,00;0,00;0,00
3530;12,3;-9,96;-0,08;-0,08;0,08;0,00;0;0;0;0,0;0,0000000;90,0000000;0,00;0,00;487,19;0;0;9999;9999;0,00;0,55;0,00;0,00;0,00;0,00;0,00
3540;12,3;-9,97;-0,08;-0,08;0,32;0,00;0;0;0;0,0;0,0000000;90,0000000;0,00;0,00;487,19;0;0;9999;9999;0,00;0,55;0,00;0,00;0,00;0,00;0,00
3550;12,3;-9,96;-0,08;-0,08;-0,00;0,00;0;0;0;0,0;0,0000000;90,0000000;0,00;0,00;487,19;0;0;9999;9999;0,00;0,55;0,00;0,00;0,00;0,00;0,00
3560;12,3;-9,95;-0,08;-0,08;0,06;0,00;0;0;0;0,0;0,0000000;90,0000000;0,00;0,00;487,19;0;0;9999;9999;0,00;0,55;0,00;0,00;0,00;0,00;0,00
3570;12,3;-9,97;-0,08;-0,08;-0,03;0,00;0;0;0;0,0;0,0000000;90,0000000;0,00;0,00;487,19;0;0;9999;9999;0,00;0,55;0,00;0,00;0,00;0,00;0,00
3580;12,3;-9,96;-0,08;-0,08;-0,14;0,00;0;0;0;0,0;0,0000000;90,0000000;0,00;0,00;487,19;0;0;9999;9999;0,00;0,55;0,00;0,00;0,00;0,00;0,00
3590;12,3;-9,97;-0,07;-0,08;-0,75;0,00;0;0;0;0,0;0,0000000;90,0000000;0,00;0,00;487,19;0;0;9999;9999;0,00;0,55;0,00;0,00;0,00;0,00;0,00
3600;12,3;-9,96;-0,08;-0,08;-0,93;0,00;0;0;0;0,0;0,0000000;90,0000000;0,00;0,00;487,19;0;0;9999;9999;0,00;0,55;0,00;0,00;0,00;0,00;0,00
3610;12,3;-9,96;-0,11;-0,10;-0,46;0,00;0;0;0;0,0;0,0000000;90,0000000;0,00;0,00;487,19;0;0;9999;9999;0,00;0,55;0,00;0,00;0,00;0,00;0,00
3620;12,3;-9,97;-0,11;-0,10;-0,14;0,00;0;0;0;0,0;0,0000000;90,0000000;0,00;0,00;487,19;0;0;9999;9999;0,00;0,55;0,00;0,00;0,00;0,00;0,00
3630;12,3;-9,97;-0,08;-0,08;-0,26;0,00;0;0;0;0,0;0,0000000;90,0000000;0,00;0,00;487,19;0;0;9999;9999;0,00;0,55;0,00;0,00;0,00;0,00;0,00
3640;12,3;-9,97;-0,09;-0,09;-0,25;0,00;0;0;0;0,0;0,0000000;90,0000000;0,00;0,00;487,19;0;0;9999;9999;0,00;0,55;0,00;0,00;0,00;0,00;0,00
3650;12,3;-9,98;-0,10;-0,10;-0,25;0,00;0;0;0;0,0;0,0000000;90,0000000;0,00;0,00;487,19;0;0;9999;9999;0,00;0,55;0,00;0,00;0,00;0,00;0,00
3660;12,3;-9,98;-0,08;-0,08;-0,01;0,00;0;0;0;0,0;0,0000000;90,0000000;0,00;0,00;487,19;0;0;9999;9999;0,00;0,55;0,00;0,00;0,00;0,00;0,00
3670;12,3;-9,99;-0,09;-0,09;-0,05;0,00;0;0;0;0,0;0,0000000;90,0000000;0,00;0,00;487,19;0;0;9999;9999;0,00;0,55;0,00;0,00;0,00;0,00;0,00
3680;12,3;-9,97;-0,08;-0,09;0,11;0,00;0;0;0;0,0;0,0000000;90,0000000;0,00;0,00;487,19;0;0;9999;9999;0,00;0,55;0,00;0,00;0,00;0,00;0,00
3690;12,3;-9,99;-0,09;-0,09;-0,19;0,00;0;0;0;0,0;0,0000000;90,0000000;0,00;0,00;487,19;0;0;9999;9999;0,00;0,55;0,00;0,00;0,00;0,00;0,00
3700;12,3;-9,97;-0,09;-0,09;0,03;0,00;0;0;0;0,0;0,0000000;90,0000000;0,00;0,00;487,19;0;0;9999;9999;0,00;0,55;0,00;0,00;0,00;0,00;0,00
3710;12,3;-9,95;-0,08;-0,09;0,14;0,00;0;0;0;0,0;0,0000000;90,0000000;0,00;0,00;487,19;0;0;9999;9999;0,00;0,55;0,00;0,00;0,00;0,00;0,00
3720;12,3;-9,94;-0,09;-0,09;0,02;0,00;0;0;0;0,0;0,0000000;90,0000000;0,00;0,00;487,19;0;0;9999;9999;0,00;0,55;0,00;0,00;0,00;0,00;0,00
3730;12,3;-9,97;-0,09;-0,09;0,22;0,00;0;0;0;0,0;0,0000000;90,0000000;0,00;0,00;487,19;0;0;9999;9999;0,00;0,55;0,00;0,00;0,00;0,00;0,00
3740;12,3;-9,97;-0,09;-0,09;0,09;0,00;0;0;0;0,0;0,0000000;90,0000000;0,00;0,00;487,19;0;0;9999;9999;0,00;0,55;0,00;0,00;0,00;0,00;0,00
3750;12,3;-9,97;-0,09;-0,09;0,04;0,00;0;0;0;0,0;0,0000000;90,0000000;0,00;0,00;487,19;0;0;9999;9999;0,00;0,55;0,00;0,00;0,00;0,00;0,00
3760;12,3;-9,97;-0,09;-0,09;-0,11;0,00;0;0;0;0,0;0,0000000;90,0000000;0,00;0,00;487,19;0;0;9999;9999;0,00;0,55;0,00;0,00;0,00;0,00;0,00
3770;12,3;-9,97;-0,08;-0,09;-0,05;0,00;0;0;0;0,0;0,0000000;90,0000000;0,00;0,00;487,19;0;0;9999;9999;0,00;0,55;0,00;0,00;0,00;0,00;0,00
3780;12,3;-9,97;-0,09;-0,09;-0,08;0,00;0;0;0;0,0;0,0000000;90,0000000;0,00;0,00;487,19;0;0;9999;9999;0,00;0,55;0,00;0,00;0,00;0,00;0,00
3790;12,3;-9,96;-0,09;-0,09;-0,07;0,00;0;0;0;0,0;0,0000000;90,0000000;0,00;0,00;487,19;0;0;9999;9999;0,00;0,55;0,00;0,00;0,00;0,00;0,00
3800;12,3;-9,97;-0,09;-0,09;0,02;0,00;0;0;0;0,0;0,0000000;90,0000000;0,00;0,00;487,19;0;0;9999;9999;0,00;0,55;0,00;0,00;0,00;0,00;0,00
3810;12,3;-9,96;-0,09;-0,09;0,23;0,00;0;0;0;0,0;0,0000000;90,0000000;0,00;0,00;487,19;0;0;9999;9999;0,00;0,55;0,00;0,00;0,00;0,00;0,00
3820;12,3;-9,98;-0,09;-0,10;0,18;0,00;0;0;0;0,0;0,0000000;90,0000000;0,00;0,00;487,19;0;0;9999;9999;0,00;0,55;0,00;0,00;0,00;0,00;0,00
3830;12,3;-9,99;-0,09;-0,09;0,08;0,00;0;0;0;0,0;0,0000000;90,0000000;0,00;0,00;487,19;0;0;9999;9999;0,00;0,55;0,00;0,00;0,00;0,00;0,00
3840;12,3;-9,97;-0,09;-0,09;-0,14;0,00;0;0;0;0,0;0,0000000;90,0000000;0,00;0,00;487,19;0;0;9999;9999;0,00;0,55;0,00;0,00;0,00;0,00;0,00
3850;12,3;-9,96;-0,09;-0,09;0,06;0,00;0;0;0;0,0;0,0000000;90,0000000;0,00;0,00;487,19;0;0;9999;9999;0,00;0,55;0,00;0,00;0,00;0,00;0,00
3860;12,3;-9,97;-0,08;-0,09;0,07;0,00;0;0;0;0,0;0,0000000;90,0000000;0,00;0,00;487,19;0;0;9999;9999;0,00;0,55;0,00;0,00;0,00;0,00;0,00
3870;12,3;-9,97;-0,09;-0,09;-0,09;0,00;0;0;0;0,0;0,0000000;90,0000000;0,00;0,00;487,19;0;0;9999;9999;0,00;0,55;0,00;0,00;0,00;0,00;0,00
3880;12,3;-9,98;-0,05;-0,08;-0,50;0,00;0;0;0;0,0;0,0000000;90,0000000;0,00;0,00;487,19;0;0;9999;9999;0,00;0,55;0,00;0,00;0,00;0,00;0,00
3890;12,3;-9,99;-0,01;0,01;-1,43;0,00;0;0;0;0,0;0,0000000;90,0000000;0,00;0,00;487,19;0;0;9999;9999;0,00;0,55;0,00;0,00;0,00;0,00;0,00
3900;12,3;-10,19;-0,40;-0,24;-2,30;0,00;0;0;0;0,0;0,0000000;90,0000000;0,00;0,00;487,19;0;0;9999;9999;0,00;0,55;0,00;0,00;0,00;0,00;0,00
3910;12,3;-9,52;0,03;0,04;0,08;0,00;0;0;0;0,0;0,0000000;90,0000000;0,00;0,00;487,19;0;0;9999;9999;0,00;0,55;0,00;0,00;0,00;0,00;0,00
3920;12,3;-10,29;-0,26;-0,23;-0,68;0,00;0;0;0;0,0;0,0000000;90,0000000;0,00;0,00;487,19;0;0;9999;9999;0,00;0,55;0,00;0,00;0,00;0,00;0,00
3930;12,3;-9,61;-0,15;-0,13;-0,49;0,00;0;0;0;0,0;0,0000000;90,0000000;0,00;0,00;487,19;0;0;9999;9999;0,00;0,55;0,00;0,00;0,00;0,00;0,00
3940;12,3;-9,86;-0,06;-0,03;-0,22;0,00;0;0;0;0,0;0,0000000;90,0000000;0,00;0,00;487,19;0;0;9999;9999;0,00;0,55;0,00;0,00;0,00;0,00;0,00
3950;12,3;-10,12;-0,11;-0,09;-1,59;0,00;0;0;0;0,0;0,0000000;90,0000000;0,00;0,00;487,19;0;0;9999;9999;0,00;0,55;0,00;0,00;0,00;0,00;0,00
3960;12,3;-9,99;-0,14;-0,15;-2,38;0,00;0;0;0;0,0;0,0000000;90,0000000;0,00;0,00;487,19;0;0;9999;9999;0,00;0,55;0,00;0,00;0,00;0,00;0,00
3970;12,3;-9,88;-0,14;-0,15;-0,33;0,00;0;0;0;0,0;0,0000000;90,0000000;0,00;0,00;487,19;0;0;9999;9999;0,00;0,55;0,00;0,00;0,00;0,00;0,00
3980;12,3;-9,88;-0,10;-0,09;-0,88;0,00;0;0;0;0,0;0,0000000;90,0000000;0,00;0,00;487,19;0;0;9999;9999;0,00;0,55;0,00;0,00;0,00;0,00;0,00
3990;12,3;-10,00;-0,12;-0,13;-0,75;0,00;0;0;0;0,0;0,0000000;90,0000000;0,00;0,00;487,19;0;0;9999;9999;0,00;0,55;0,00;0,00;0,00;0,00;0,00
4000;12,3;-9,94;-0,12;-0,12;-0,12;0,00;0;0;0;0,0;0,0000000;90,0000000;0,00;0,00;487,19;0;0;9999;9999;0,00;0,55;0,00;0,00;0,00;0,00;0,00
4010;12,3;-9,96;-0,12;-0,12;-0,43;0,00;0;0;0;0,0;0,0000000;90,0000000;0,00;0,00;487,19;0;0;9999;9999;0,00;0,55;0,00;0,00;0,00;0,00;0,00
4020;12,3;-9,96;-0,12;-0,12;0,14;0,00;0;0;0;0,0;0,0000000;90,0000000;0,00;0,00;487,19;0;0;9999;9999;0,00;0,55;0,00;0,00;0,00;0,00;0,00
4030;12,3;-9,97;-0,12;-0,12;0,16;0,00;0;0;0;0,0;0,0000000;90,0000000;0,00;0,00;487,19;0;0;9999;9999;0,00;0,55;0,00;0,00;0,00;0,00;0,00
4040;12,3;-9,95;-0,11;-0,12;0,74;0,00;0;0;0;0,0;0,0000000;90,0000000;0,00;0,00;487,19;0;0;9999;9999;0,00;0,55;0,00;0,00;0,00;0,00;0,00
4050;12,3;-9,98;-0,12;-0,12;0,20;0,00;0;0;0;0,0;0,0000000;90,0000000;0,00;0,00;487,19;0;0;9999;9999;0,00;0,55;0,00;0,00;0,00;0,00;0,00
4060;12,3;-9,94;-0,12;-0,12;0,53;0,00;0;0;0;0,0;0,0000000;90,0000000;0,00;0,00;487,19;0;0;9999;9999;0,00;0,55;0,00;0,00;0,00;0,00;0,00
4070;12,3;-9,94;-0,12;-0,11;0,95;0,00;0;0;0;0,0;0,0000000;90,0000000;0,00;0,00;487,19;0;0;9999;9999;0,00;0,55;0,00;0,00;0,00;0,00;0,00
4080;12,3;-9,96;-0,14;-0,12;1,45;0,00;0;0;0;0,0;0,0000000;90,0000000;0,00;0,00;487,19;0;0;9999;9999;0,00;0,55;0,00;0,00;0,00;0,00;0,00
4090;12,3;-9,96;-0,13;-0,11;2,15;0,00;0;0;0;0,0;0,0000000;90,0000000;0,00;0,00;487,19;0;0;9999;9999;0,00;0,55;0,00;0,00;0,00;0,00;0,00
4100;12,3;-9,92;-0,16;-0,15;-0,05;0,00;0;0;0;0,0;0,0000000;90,0000000;0,00;0,00;487,19;0;0;9999;9999;0,00;0,55;0,00;0,00;0,00;0,00;0,00
4110;12,3;-9,81;-0,07;-0,06;0,38;0,00;0;0;0;0,0;0,0000000;90,0000000;0,00;0,00;487,19;0;0;9999;9999;0,00;0,55;0,00;0,00;0,00;0,00;0,00
4120;12,3;-10,07;-0,10;-0,09;0,73;0,00;0;0;0;0,0;0,0000000;90,0000000;0,00;0,00;487,19;0;0;9999;9999;0,00;0,55;0,00;0,00;0,00;0,00;0,00
4130;12,3;-9,98;-0,11;-0,09;0,28;0,00;0;0;0;0,0;0,0000000;90,0000000;0,00;0,00;487,19;0;0;9999;9999;0,00;0,55;0,00;0,00;0,00;0,00;0,00
4140;12,3;-9,97;-0,12;-0,11;0,13;0,00;0;0;0;0,0;0,0000000;90,0000000;0,00;0,00;487,19;0;0;9999;9999;0,00;0,55;0,00;0,00;0,00;0,00;0,00
4150;12,3;-9,96;-0,21;-0,14;1,30;0,00;0;0;0;0,0;0,0000000;90,0000000;0,00;0,00;487,19;0;0;9999;9999;0,00;0,55;0,00;0,00;0,00;0,00;0,00
4160;12,3;-9,83;-0,14;-0,12;1,31;0,00;0;0;0;0,0;0,0000000;90,0000000;0,00;0,00;487,19;0;0;9999;9999;0,00;0,55;0,00;0,00;0,00;0,00;0,00
4170;12,3;-9,93;0,02;-0,02;2,54;0,00;0;0;0;0,0;0,0000000;90,0000000;0,00;0,00;487,19;0;0;9999;9999;0,00;0,55;0,00;0,00;0,00;0,00;0,00
4180;12,3;-10,03;-0,03;-0,04;1,08;0,00;0;0;0;0,0;0,0000000;90,0000000;0,00;0,00;487,19;0;0;9999;9999;0,00;0,55;0,00;0,00;0,00;0,00;0,00
4190;12,3;-9,97;-0,06;-0,07;-0,55;0,00;0;0;0;0,0;0,0000000;90,0000000;0,00;0,00;487,19;0;0;9999;9999;0,00;0,55;0,00;0,00;0,00;0,00;0,00
4200;12,3;-9,97;-0,16;-0,14;-1,32;0,00;0;0;0;0,0;0,0000000;90,0000000;0,00;0,00;487,19;0;0;9999;9999;0,00;0,55;0,00;0,00;0,00;0,00;0,00
4210;12,3;-9,95;-0,12;-0,12;0,61;0,00;0;0;0;0,0;0,0000000;90,0000000;0,00;0,00;487,19;0;0;9999;9999;0,00;0,55;0,00;0,00;0,00;0,00;0,00
4220;12,3;-9,96;-0,12;-0,11;1,65;0,00;0;0;0;0,0;0,0000000;90,0000000;0,00;0,00;487,19;0;0;9999;9999;0,00;0,55;0,00;0,00;0,00;0,00;0,00
4230;12,3;-9,98;-0,10;-0,10;4,04;0,00;0;0;0;0,0;0,0000000;90,0000000;0,00;0,00;487,19;0;0;9999;9999;0,00;0,55;0,00;0,00;0,00;0,00;0,00
4240;12,3;-9,96;-0,01;-0,02;4,24;0,00;0;0;0;0,0;0,0000000;90,0000000;0,00;0,00;487,19;0;0;9999;9999;0,00;0,55;0,00;0,00;0,00;0,00;0,00
4250;12,3;-9,99;0,09;0,07;1,01;0,00;0;0;0;0,0;0,0000000;90,0000000;0,00;0,00;487,19;0;0;9999;9999;0,00;0,55;0,00;0,00;0,00;0,00;0,00
